id,source,author_id,date,thread_id,text,platform_metadata,ingested_at
d8935370-9eb2-456d-a3d5-ad18f1c9b198,reddit,user_hash_001,2026-03-15T00:00:00,,I took hundreds of photos during our family trip to Goa last summer but I can't find the sunset photos from the beach. I searched 'Goa sunset' but got too many results spanning multiple trips.,{},2026-09-28T05:10:35.687117
911c1e13-8882-45b0-839e-a1c0bafdfe4e,reddit,user_hash_002,2026-03-18T00:00:00,,Is there a way to search for screenshots I took of a recipe? I remember it had a blue background but I can't remember what app it was from or when I saved it.,{},2026-09-28T05:10:35.687117
c8fc75e7-1d53-4b69-9096-cd09c20a8924,community,user_hash_003,2026-02-20T00:00:00,,I'm looking for a photo of my daughter's first birthday cake. I know it was sometime in 2024 but I can't narrow it down further. Scrolling through months of photos is exhausting.,{},2026-09-28T05:10:35.687117
fd25c17c-bd42-4c40-92c4-1b636a64f5a5,youtube,user_hash_004,2026-04-01T00:00:00,,Why can't I search for 'that photo with the red car parked next to the tree'? I can picture it perfectly but Google Photos doesn't understand visual descriptions.,{},2026-09-28T05:10:35.687117
6c8a62b4-46fd-47bf-9cb1-0e3146973f6d,reddit,user_hash_005,2026-04-10T00:00:00,,The face recognition is great but what about when I remember a photo had a specific person but I don't know their name in Google Photos? There's no way to describe someone to search.,{},2026-09-28T05:10:35.687117
9cd070d7-9ba6-4dd0-9a7d-39e125242854,playstore,user_hash_006,2026-01-22T00:00:00,,Tried to find old vacation photos from Thailand. Searched 'Thailand' and got results but the specific night market photos I wanted were buried under hundreds of temple shots.,{},2026-09-28T05:10:35.687117
61779d46-9f23-4cba-af5c-093fa3cc108b,reddit,user_hash_007,2026-05-02T00:00:00,,"I remember taking a screenshot of flight tickets for a trip to London. I know it was in my browser. But searching 'flight' or 'London' doesn't show screenshots, only actual photos of London.",{},2026-09-28T05:10:35.687117
6c3627e0-995a-498b-8ae0-93c023bbd9ea,community,user_hash_008,2026-03-30T00:00:00,,Would love a feature where I can say 'show me photos from that weekend we went hiking' without knowing the exact date or trail name. I just remember the vibe.,{},2026-09-28T05:10:35.687117
8b9aa210-5599-4c5e-ba84-b5510ce1c972,youtube,user_hash_009,2026-02-14T00:00:00,,Google Photos search is useless for finding documents I photographed. Searched 'tax form' and got nothing even though I definitely took a photo of my W2.,{},2026-09-28T05:10:35.687117
33ca6a1c-6d86-4e94-afec-a474c18372ee,reddit,user_hash_010,2026-04-22T00:00:00,,I want to find the photo where my cat was sitting on the laptop keyboard. I remember it was hilarious but I have 3 years of cat photos and no way to describe this specific moment.,{},2026-09-28T05:10:35.687117
61a652ab-e48f-4731-8756-7789d03a9987,playstore,user_hash_011,2026-03-05T00:00:00,,Photo search really struggles when I remember a photo by its context rather than its content. Like 'the photo I took right after the job interview' — there's no way to search for that.,{},2026-09-28T05:10:35.687117
6ea4aa3a-bf12-48b9-a88d-dea66bfd6b7a,community,user_hash_012,2026-05-15T00:00:00,,I know the photo exists somewhere in my library — it's of a whiteboard from a meeting about Q3 planning. But searching 'whiteboard' returns hundreds of results from different meetings.,{},2026-09-28T05:10:35.687117
9417d0ea-4cba-4a9e-8c02-4dc10f4025c0,reddit,user_hash_013,2026-02-28T00:00:00,,Spent 20 minutes scrolling through my camera roll trying to find a photo of my old apartment. I know roughly when I moved out but the exact month escapes me.,{},2026-09-28T05:10:35.687117
3557e79c-fefa-440f-ac11-907285fe1493,youtube,user_hash_014,2026-04-18T00:00:00,,"The search works great when you know what's IN the photo but terrible when you only remember WHEN or WHY you took it. I remember the occasion, not the objects.",{},2026-09-28T05:10:35.687117
ad65e131-aca3-403c-b625-82b1a028af44,reddit,user_hash_015,2026-05-20T00:00:00,,Cannot find screenshots from a specific app. I know I screenshotted several error messages from Slack last month but there's no way to filter screenshots by app source.,{},2026-09-28T05:10:35.687117
ea963a94-f8ba-400d-b7b6-d3ed321d2213,playstore,user_hash_016,2026-01-30T00:00:00,,Search doesn't understand context. I want 'photos from mom's birthday dinner at the Italian restaurant' but I have to break that down into separate searches and mentally combine results.,{},2026-09-28T05:10:35.687117
4c702e4c-e24a-418a-b6a1-8b5172930e80,reddit,user_hash_017,2026-03-12T00:00:00,,I have thousands of food photos and I need to find the one of the chocolate lava cake from a restaurant in Brooklyn. I remember the plate was white and it was nighttime.,{},2026-09-28T05:10:35.687117
9f6515a6-d825-44d8-8f3c-d261bd2a34d2,appstore,user_hash_018,2026-04-05T00:00:00,,Great app overall but searching for older photos is a nightmare. Once a photo is more than 2 years old it basically becomes impossible to find unless you remember the exact date.,{},2026-09-28T05:10:35.687117
e0621128-b350-493c-815a-4525796b540e,community,user_hash_019,2026-01-15T00:00:00,,I remember taking a video of fireworks at New Year's but searching 'fireworks' shows me results from multiple years and I can't tell which New Year's each one was from.,{},2026-09-28T05:10:35.687117
f38f7763-00f5-484f-a78e-5d050030cdc0,reddit,user_hash_020,2026-05-08T00:00:00,,How do I find photos where a specific text is visible? Like a photo of a street sign or a business card. OCR search would be incredibly useful.,{},2026-09-28T05:10:35.687117
a6626ad5-71be-4656-b0d0-de3668f695da,youtube,user_hash_021,2026-04-25T00:00:00,,"I took a photo of a plant disease on my tomato plant. Need to find it again to show the garden center. Searching 'tomato' just shows food photos, not the plant.",{},2026-09-28T05:10:35.687117
69d9f217-ab84-431b-be2a-9cfbd50819ec,playstore,user_hash_022,2026-02-10T00:00:00,,Search for 'similar photos' feature would be amazing. I have one photo from a series and want to find the rest. Currently impossible without scrolling through the timeline.,{},2026-09-28T05:10:35.687117
1859a466-a76d-4e72-ae81-b8534b10e2ae,reddit,user_hash_023,2026-05-30T00:00:00,,"I distinctly remember a group selfie we took at a concert. I can see it in my mind. But I don't remember which concert, which friends were in it, or even what year. How do I search for vibes?",{},2026-09-28T05:10:35.687117
82ca39e1-31a1-4598-b25b-b39eecd135c6,community,user_hash_024,2026-03-22T00:00:00,,My kid drew an amazing picture at school. I photographed it. Now I can't find it because 'drawing' search returns every photo that happens to have a drawing in the background.,{},2026-09-28T05:10:35.687117
5567f1cd-684e-4c8f-a870-cf4803f85757,reddit,user_hash_025,2026-04-14T00:00:00,,I need the photo of the serial number on my washing machine. I know I took it for the warranty claim but that was probably 2 years ago. No idea how to search for a random number string.,{},2026-09-28T05:10:35.687117
2df501c1-277f-4bed-a91a-2e1b13b7fbc8,reddit,photo_fanatic,2023-11-01T00:00:00,,"I am so frustrated. I know I took a picture of a receipt for a monitor I bought at Best Buy in 2019, but searching 'receipt' or 'Best Buy' brings up nothing. I can't even remember the exact month.",{},2026-09-28T05:31:18.945705
505c875a-89aa-4ee9-bb3b-0ac7803fe136,reddit,pixel_user99,2023-10-15T00:00:00,,"Does anyone else struggle to find photos of specific clothing items? I'm looking for a picture of me in a red jacket in the snow, but searching 'red jacket snow' just gives me random winter pictures without me in them.",{},2026-09-28T05:31:18.945705
b44d6fe5-8a4f-4b32-b908-7784d5e6c4fd,reddit,tech_guy22,2023-12-05T00:00:00,,"Search is completely broken for screenshots. I have a screenshot of a funny tweet from last year. I searched for the exact text in the tweet, and Google Photos says no results. But when I manually scroll back to last year, there it is! Why isn't OCR working?",{},2026-09-28T05:31:18.945705
42f48c01-e91a-498c-a695-177cc87efe48,reddit,memory_keeper,2024-01-10T00:00:00,,"I wish there was a way to search by visual layout or composition. I remember taking a photo of a sunset over a lake with a tree on the left side, but I have thousands of sunset photos. Filtering by date is impossible because I don't remember the year.",{},2026-09-28T05:31:18.945705
a91cec4e-39c6-4203-b41d-7d15dcb30dd1,reddit,switch_to_android,2023-09-22T00:00:00,,"Just switched to Android and Google Photos. One thing I miss from Apple is how it handles faces in crowds. I'm trying to find a picture of my friend at a concert, but searching their name only brings up portraits, not photos where they are in the background.",{},2026-09-28T05:31:18.945705
69aaf44a-d675-42fb-9aca-63b8f51b06a2,reddit,vacation_lover,2024-02-01T00:00:00,,"Is there a way to search for photos taken *near* a location, but not exactly in it? I want to find photos from a road trip near the Grand Canyon, but since I didn't have cell service, the location tags are blank or just say 'Arizona'.",{},2026-09-28T05:31:18.945705
ee323eb2-b016-4b50-aa68-48949bc77929,reddit,dog_mom,2023-08-11T00:00:00,,"Google Photos thinks my new Golden Retriever is the same dog as my old Golden Retriever that passed away. Now when I search for my old dog, the results are a mix of both. How do I fix this?",{},2026-09-28T05:31:18.945705
6aedaafb-0296-4067-8e2d-ac9d9b883cb4,reddit,foodie_pics,2023-11-20T00:00:00,,"Why can't I search by multiple people? I want to find a picture of just me and my sister, but when I search both our names, it brings up group photos with 10 other people in them too.",{},2026-09-28T05:31:18.945705
12a61b25-d618-4ff4-9fea-91012599dfb2,reddit,student_life,2024-01-25T00:00:00,,"Trying to find a whiteboard photo from my physics class. I remember the professor wrote 'Thermodynamics' at the top, but the OCR search isn't picking it up because of the glare on the board.",{},2026-09-28T05:31:18.945705
bd11ee39-5975-414d-bce2-74a2f01c89d6,reddit,pro_shooter,2023-12-12T00:00:00,,"I use Google Photos as a backup. I need to find a specific RAW file I uploaded, but searching '.dng' or 'RAW' doesn't filter the results properly. I have to scroll through hundreds of JPEGs.",{},2026-09-28T05:31:18.945705
fa4336e2-5041-4c5f-8446-4553301946b7,reddit,anonymous_user,2026-09-28T00:00:00,,"Google photos is a garbage service that's primary function is to obnoxiously convince you to buy more drive storage.    I hate this service, it has completely put me off of Pixel phones for the foreseeable future.  Let's be honest guys for the average user 15gb is more than enough storage, yeah?  Not with Google photos.  This whole stupid cycle started when I bought a Google Pixel 10.  Guess what AUTOMATICALLY happens when you sign into a Google Pixel?  Backups instantly turn on. But not just for YOUR Google Pixel, but every other phone that Google Photos has ever touched.  My old XCOVER... backups on. My S8 that I made the mistake of turning on once... Backups on. My iPhone 11... Backups on. If you connect an old phone to the Internet, if it has Google photos installed and signed in.  The harvest begins NO MATTER WHAT  And this is made even worse by the fact you have photos/videos you intentionally backed up to Google Drive mixed in with this garbage.  If this issue was an easy fix, without major consequences it wouldn't be a big deal.  But guess what  Google makes it as hard as possible to go through this mountain of data so you can get rid of all the redundant garbage  Can you organise these photos in Google Drive by date of upload, or see what device they came from?  No  Can you even see them in Google drive?  No  So now you're left going through hundreds if not thousands of photos trying to figure out what's trash, and what's legitimately world ending if you delete.  And know what makes it even better?  If you ever backed up something like say, I don't know a build of a small game, or a software package. You will have to scroll through yet more hundreds of randomly named files that will brick your archived builds if deleted.  But ya know this wouldn't be a big deal if you could just carry on with your life with a full drive.  But the marketing super geniuses at Google made it literally impossible to function in any capacity with a full drive.  Emails... No  Anything in the Google suite... No  Writing something down to remember for later, on your own phone... No  And why would we put a local storage note taking app in a Google phone? We have Docs for that.  So forget trying to remember anything important or writing down a million dollar idea, it'll be gone by the time you clear your drive out enough to make it functional.  This would be a non issue if it weren't for Google trying to cram storage plans down your throat instead of implementing the simplest of features for photos backup.  It is obnoxious, and it will eventually happen to you, and you will spend hours trying to delete stuff. Or you will be Google's good little boy and buy a storage plan. Which let's face it, will have the same issue in a year or two.",{},2026-09-28T09:10:55.091717
124c69ca-5af2-4595-97c2-a2613f8149b2,reddit,anonymous_user,2026-09-28T00:00:00,,"Thank you Google!    Dear Google Photos,  Thank you for solving the burning crisis and now have my photos neatly organized in a uniform grid.  Truly, nothing says ""user experience"" quite like opening my photo library only to have the layout arbitrarily hijacked by AI. Google Photos team decided that what we all really needed was a chaotic mosaic where random pictures AI deemed ""good"" were suddenly blown up to three times the size of everything else, creating a jagged, jigsaw-puzzle layout that made scanning through my own memories feel like an eye exam, for multiple months until the update today fixed it.  Thank you so much for fixing a design flaw that only existed because someone in an office decided a standard grid was just too simple and orderly.  Sincerely,  Someone whose eyes now do not need to bounce around a distorted obstacle course just to find a single picture.  Upvote  0  Downvote  3  Go to comments  Repost  Share  u/GlionEdu avatar  u/GlionEdu  •  Ad  Posted in  r/LuxuryHospitality  What is luxury brand management, and what jobs does it actually lead to?  Learn More  page.glion.edu  Join the conversation  Sort by:  Best  Search Comments  Expand comment search  Comments Section  u/StimulatorCam avatar  StimulatorCam  •  2h ago  What phone are you using? I still don't have that update on my Pixel.  Upvote  1  Downvote  Reply  Award  Share  HourRecognition9  OP  •  2h ago  iOS  Upvote  0  Downvote  Reply  Award  Share  u/Klutzy-Scene3823 avatar  Klutzy-Scene3823  •  53m ago  My photos are all messed up. Spent hours today looking for 2 photos. They have disappeared. there are weird collage type photos that i never made. There is no fix or update pn pixel android phone",{},2026-09-28T09:10:55.091717
0904785f-ee97-40ba-9d1e-5a60b5a4fda3,reddit,anonymous_user,2026-09-28T00:00:00,,"I'm trying to migrate a few albums to my iPhone from my Samsung, is it possible?    The question being is whether I can't upload full albums to gphotos and then install them as an album  Upvote  0  Downvote  2  Go to comments  Repost  Share  Join the conversation  Sort by:  Best  Search Comments  Expand comment search  Comments Section  roirraWedorehT  •  2d ago  If you have an album in Google Photos on the Samsung, then it will be an album in Google Photos on the iPhone.  Upvote  2  Downvote  Reply  Award  Share  TheManWithSaltHair  •  2d ago  Profile Badge for the Achievement Top 1% Commenter Top 1% Commenter  If the 'albums' on the Samsung are folders you can go to Collections > On this device and for each folder, drag to select all then add to a new album.",{},2026-09-28T09:10:55.091717
042b7984-0a85-408b-9578-b6a7a66e75e3,reddit,anonymous_user,2026-09-28T00:00:00,,Photos    Hi my question is I have a lot of photos of my niece and I want to set up an account for each of them and send them their photos of them growing up over the years. There are a big amount of photos. What website or account should I set up for them that has a lot of memory easy to access and free if you could help me please,{},2026-09-28T09:10:55.091717
5a5ffd90-9803-4ae8-8eaa-24eca3e60437,reddit,anonymous_user,2026-09-28T00:00:00,,"Highlight video ordering?    Every year I make a highlight video from our holiday, this year I've tried to do and the order is seemingly random. Apparently they've now introduced an opaque AI 'ranking system' to order the videos?  Can anyone tell me a workaround without me needing to manually reorder them all? This is really annoying, nobody asked for this, surely.",{},2026-09-28T09:10:55.091717
1617ef9b-404c-4de5-902a-8f2cf997552f,reddit,anonymous_user,2026-09-28T00:00:00,,"G-photos won't recognize video GPS metadata    Cmds used to edit add gps are listed below with example outputs of reading the GPS metadata.  I know I can use google photos ""Add a location"" feature, which I do, but since I want the actual file to have the GPS location on it, I'm adding that metadata to the video file and I would prefer google photos to auto detect that like it normally does when uploading non-edited iphone videos.  If I film a video on iPhone and upload it to google photos, GPS is auto detected. My issue is I want to add gps metadata to videos rendered from editing software (capcut mobile, or davinci resolve on PC)",{},2026-09-28T09:10:55.091717
721433a5-f0ae-40b7-9915-efa6622139a5,reddit,anonymous_user,2026-09-28T00:00:00,,"Search function only shows very few photos    Troubleshooting ⚠️  No matter what device I try the search function on, it only shows me a few photos. For example, when I search for ""dog"" , only 6 pictures come up (4 from 2015, 2 from this year???) even though I am SURE I have more dog photos.  I tried contacting support but they were very useless. They kept telling me to search for some Gemini function in Preferences but the setting just isn't there on my phone! They could not wrap their head around that for some reason and kept telling me to find it.  This has been a problem for like a year or two. Help would be much appreciated.  Upvote  1  Downvote  9  Go to comments  Sort by:  Best  Search Comments  Expand comment search  Comments Section  u/Reasonable-Pool2027 avatar  Reasonable-Pool2027  •  9d ago  Yes thats the main problem,try searching by date instead of just names it works perfectly fine and sort out the photos in one album so you dont misplace them wherever.  Upvote  1  Downvote  Reply  Award  Share  u/Fancy_Reporter_2713 avatar  Fancy_Reporter_2713  OP  •  9d ago  yeah searching by date does work but I just really wanted it to work for the keywords since it works perfectly fine on my husband's account  Upvote  1  Downvote  Reply  Award  Share  u/Reasonable-Pool2027 avatar  Reasonable-Pool2027  •  9d ago  Yep thats the problem sometimes with google photos  Upvote  1  Downvote  Reply  Award  Share  Pawsitive-Games  •  8d ago  This sounds like the search index is not recognizing all of the older images, rather than those photos being gone. I’d confirm the photos are visible in the main library, compare the app with the web version, and try broad terms alongside date or location searches. Leaving the account online for a while may help; I don’t know of a reliable setting that forces keyword recognition to rebuild.  Since another account works normally, an account-specific indexing issue is plausible. I wouldn’t delete, re-upload, or reorganize originals just to make search find them. Keep an untouched backup while testing.  Upvote  1  Downvote  Reply  Award  Share  u/Fancy_Reporter_2713 avatar  Fancy_Reporter_2713  OP  •  8d ago  The photos are visible in the main library, the app and web version both have the same exact issue, and date and location searches do work. Not sure what I can do  Upvote  1  Downvote  Reply  Award  Share  Pawsitive-Games  •  6d ago  That pattern sounds like the files are present and the date/place indexes work; the problem is more likely the people/things label index or the Ask Photos/Gemini search layer. I’d check Search > People & pets for dog faces, confirm Face Groups is on and faces are labeled, and try a few synonyms. For filenames, captions, or OCR text, use quotation marks for an exact phrase; unquoted searches are broader.  On mobile, Ask Photos is Gemini’s conversational search, while classic keyword search still exists. If “Search with Ask Photos” is enabled, try turning it off under Photos settings > Preferences > Gemini features in Photos (wording may differ, especially on iPhone), then try classic/fast search. There generally isn’t a reliable user-facing “rebuild index” button, so I wouldn’t delete or re-upload anything. Leave the account online, and if it persists, tell support that keyword/object results are incomplete while date/place searches work and the library is intact on both web and app.  Upvote  1  Downvote  Reply  Award  Share  u/Fancy_Reporter_2713 avatar  Fancy_Reporter_2713  OP  •  6d ago  Thank you. Do you have any idea why ""Gemini features in photos"" does not appear in my Preferences tab? Google support keeps asking me to find it but it's just not there! I am on android, on the latest version of google photos and android.  Upvote  1  Downvote  Reply  Award  Share  Pawsitive-Games  •  5d ago  Sounds like Gemini features may not be available for this account yet, rather than the setting being broken. I’d check Google Photos → Photos settings → Preferences → Gemini features in Photos. Usually eligibility requires being 18+, being in a supported region, having Face Groups on with your face selected, and having location estimates enabled. Gemini Apps connections are for personal accounts, not work or school accounts.  If those are already set, I’d update or reopen Photos and check again later. This sounds like a staged rollout, so there may not be a local fix or ETA. I wouldn’t disable Face Groups just to force the option to appear.  Upvote  1  Downvote  Reply  Award  Share  Pawsitive-Games  •  4d ago  One extra check: “visible in Photos” doesn’t always mean “backed up and searchable.” Open a few photos that fail → More → Details and confirm their backup status. Local-only or on-device folders can remain visible while keyword search skips them until they’re backed up. If this followed a bulk upload or move, the search index may also need several days to catch up.  Try a broad synonym or category (“dog” instead of a specific breed, or “food”/“beach”); for text in an image, try the exact phrase in quotation marks. Name searches need Face Groups enabled and faces labeled. I’d also verify the same Google account in the app and web, and check Archive, Locked Folder, or other relevant collections. If the photos are backed up and searches still fail in both places, send feedback through Photos → Help & feedback. That might indicate an account-side indexing issue, so I wouldn’t delete or re-upload everything while testing.",{},2026-09-28T09:10:55.091717
48d66b26-2cd3-4e88-bcb9-fc108f338b58,reddit,anonymous_user,2026-09-28T00:00:00,,"Missing and incorrectly placed photos    Troubleshooting ⚠️  Hi, I recently changed phones, and I decided not to copy any data from the old to the new one to avoid slowing it down immediately. So for photos, I relied on backup... So, I'm finishing the setup on my new phone, and a lot of photos are already starting to come out, so far so good... However, later I notice that all the photos in the collection are marked as being from the same day, which would be the day of the new configuration, while in the ""photos"" section everything seems to be ok...  So, going forward, I take the old phone, I go to Google Photos, and I backup all the folders and everything... Once I'm done, I go to the new one, and the folders aren't there, the photos are left at the wrong dates, the only ones that are there are perhaps those under the ""photos"" heading...  I don't know what to do, I'd like to fix it because I also need all those photos and videos that are still on the old phone and which I actually backed up... And I wish I could fix the dates too.  However, as for the incorrect dates, it doesn't just give them to me on Google Photos like this, but also on the normal phone gallery...  Upvote  0  Downvote  2  Go to comments  Join the conversation  Sort by:  Best  Search Comments  Expand comment search  Comments Section  u/LET_Developer avatar  LET_Developer  •  10d ago  Google Photos backup and a phone-to-phone gallery copy are two different things. Backup can preserve the correct date in Google's cloud timeline without recreating the old phone's local folders on the new phone. The new phone's Gallery may then be looking at newly downloaded/copied files and falling back to their current file-modified date.  I would not delete or edit anything on the old phone yet. Pick three affected photos and compare their Details on both phones:  Check whether the old originals contain an embedded capture date (DateTimeOriginal) and, if available, a timezone offset.  Check whether the new-phone copies still contain that same capture date or only show the day they were downloaded/copied.  For videos, also check the MP4/QuickTime creation date; it is separate from photo EXIF.  If the old originals still have the correct embedded dates, the safest repair is usually to copy those original files directly from the old phone, keeping the folder structure, rather than expecting Google Photos backup to recreate device folders. Test with one small folder first and confirm both Google Photos and the Samsung/phone gallery sort it correctly before moving the full library.  If the embedded dates are missing but the correct dates exist in filenames, Google Photos, or export sidecars, repair copies rather than the only originals, then rescan/import those copies. Keep an untouched backup because re-uploading or replacing files can create duplicates.  I develop Metadata Changer for Android, and this is the kind of gallery-order issue its date inspection and repair tools are intended to diagnose. The important first step is identifying which date each app is using before changing anything. Also, editable metadata is useful for organization and repair, not proof that a file is authentic.  Upvote  2  Downvote  Reply  Award  Share  u/belursgame avatar  belursgame  •  8d ago  The problem might be as the other redditor said that the date is being overriden to the date of transfer. I do the same from old phone to new phone and snapchat, whatsapp pictures get overriden with the date of transfer. So try the method. I normally change th date of individual pics which are wrong but I have a small pool. As you have a large pool try that.",{},2026-09-28T09:10:55.091717
a791c05d-46f6-4944-876f-96f8c90b2357,reddit,anonymous_user,2026-09-28T00:00:00,,"Out-of-control face identification    Is there any way to stop Google Photo's insane tagging of crowd scenes, etc., as people from my contacts list? I just cleared a whole load of mislabeled photos out of the entry for one of my friends only for it to do it all again. There's literally no logic to its choice and - worse - no obvious way to give it an example of that person that it can use as a target. Any ideas?  It definitely seems like Google is now firmly on the same path along the ""main sequence"" of tech enshitification that Microsoft and Apple have trailblazed. Give users a cool tool, get them hooked on it, take control away from them, leave them stuck with semi-functional garbage for which there's no reasonable alternative because they've either bought competitors up or starved them to death using their OS monopoly superpowers.  Upvote  8  Downvote  15  Go to comments  Repost  Share  Join the conversation  Sort by:  Best  Search Comments  Expand comment search  Comments Section  RredditAcct  •  23d ago  I'm amazed how accurate and useful it is. I've uploaded baby photos over 50 years old and it tags it with the correct person. School group photos are tagged correctly and I've set up to automatically share with someone when they are tagged.  Upvote  5  Downvote  Reply  Award  Share  u/JBalloonist avatar  JBalloonist  •  22d ago  Amazed and a little scared tbh. But still it’s super convenient.  Upvote  3  Downvote  Reply  Award  Share  u/Icy-Foundation5211 avatar  Icy-Foundation5211  OP  •  22d ago  And I would generally agree. When I first used it in its Picasa iteration, I was blown away with how well it did. And it's generally been good up till now. But this batshit labelling is really annoying.  Upvote  2  Downvote  Reply  Award  Share  u/MJJWinchester avatar  MJJWinchester  •  23d ago  It works pretty well, sometimes I'll find a wrong match that makes me laugh. But if it mismatches a group of photos as someone else I usually find it's grouped with someone who has only one or two photos and it's easy to rename the group and then rename the two photos.  Upvote  3  Downvote  Reply  Award  Share  u/Icy-Foundation5211 avatar  Icy-Foundation5211  OP  •  22d ago  There's definitely something going on with groups of photographs with the same date stamp. Almost like it gets one wrong, then lazily assumes all photos from around the same time probably have the same person in them and categorises (in)appropriately. I struggle to otherwise work out why it thinks a friend is in all the photographed scenes from an athletics event that they didn't even attend.  Upvote  1  Downvote  Reply  Award  Share  Pawsitive-Games  •  22d ago  If the misidentifications are more trouble than the grouping is worth, you can turn off Face Groups entirely: Google Photos Settings → Preferences → Privacy → Face Groups. That stops Google Photos from creating and updating people/pet groups, rather than trying to retrain it photo by photo. It is a fairly all-or-nothing switch, though, so you would lose the People & pets view too.  Upvote  3  Downvote  Reply  Award  Share  u/Icy-Foundation5211 avatar  Icy-Foundation5211  OP  •  22d ago  That's something of a nuclear option so I probably won't go that way. Frustratingly, Google Photos generally does really well but, when it screws up, it does so fantastically.  Upvote  1  Downvote  Reply  Award  Share  Pawsitive-Games  •  14d ago  Completely fair. If it is usually accurate, I would keep Face Groups on and use Remove results only for the bad matches rather than disable it outright. It is tedious, and it may not retrain the grouping reliably, but it is the least disruptive option. Since it is re-adding wrong matches, I would also send feedback from the app with a couple of examples.  Upvote  2  Downvote  Reply  Award  Share  u/Icy-Foundation5211 avatar  Icy-Foundation5211  OP  •  13d ago  Good suggestion. I've followed up with feedback as you suggest. Let's see what happens ...  Upvote  1  Downvote  Reply  Award  Share  u/Tonefinder avatar  Tonefinder  •  22d ago  Your description of trch evolution screwing the end user brings to mind shorts.  So you mean videos have now lost the ability to pause, forward, change volume and they're stuck in portrait view? That sounds great!  Upvote  2  Downvote  Reply  Award  Share  u/jashsu avatar  jashsu  •  22d ago  Weird... I didn't know GPhotos could pull from contact list. I've never observed that kind of behavior before. All my GPhotos face groupings were either created by me or (rarely) its own unnamed clustering of a somewhat frequently seen face.  Maybe it was tied to some kind of access request prompt that I denied a long time ago?  Upvote  2  Downvote  Reply  Award  Share  u/Icy-Foundation5211 avatar  Icy-Foundation5211  OP  •  22d ago  This is ... The Problem  I've no idea if Google links Photos with Contacts. It just seemed that might not be a terrible idea. My problem is it creating albums for entries in my contacts list which are entirely unrelated to them. Plus, creating photo ""groups"" that have no-one in common but which Google Photos clearly has other ideas about. That the app interface makes it difficult to remove these groups doesn't help.  Upvote  1  Downvote  Reply  Award  Share  u/jashsu avatar  jashsu  •  22d ago  I honestly have never experienced this before and casual search of GPhotos face recognition help pages doesnt turn up anything about GContacts integration.  Upvote  2  Downvote  Reply  Award  Share  u/Icy-Foundation5211 avatar  Icy-Foundation5211  OP  •  22d ago  I probably misspoke about the connection to the Contacts app. I just couldn't think of where else it got the person named in the attached screengrab from - literally none of the images included them, so it clearly wasn't from me. From what I can see, it's just cobbled together a semi-random list of pictures from my camera roll and tagged them as one of my contacts (for whom my Google Contacts - previously, at least - didn't have an image of). I've also got a load of such lists where it's asking who the person in the pictures is, but all of the pictures are random people, i.e. it's difficult to see how a facial recognition algorithm could do this.  Upvote  1  Downvote  Reply  Award  Share  u/Icy-Foundation5211 avatar  Icy-Foundation5211  OP  •  22d ago  OK. Here's another question then. Does anyone know where Google Photos gets its start for a person in its gallery? Does it, for instance, use the Google Contacts information to get a heads up on what a person looks like? I've just looked at this on my phone and spotted that the picture for the person who's one of the worst represented in Google Photos is some sort of random snap that's not even a person. Could that be why it's gone bonkers? Anyway, if it's the case that I can tee-up Google Photos for a person with their profile picture in Google Contacts, that would seem like a good way to fix things. (... But I thought I'd done all this previously.)",{},2026-09-28T09:10:55.091717
d94f8cde-1b65-4ffd-ba71-c476d81ad4a8,reddit,anonymous_user,2026-09-28T00:00:00,,"Search by upload source / by high quality vs storage saver?    Today I noticed when uploading via web browser, that the photos were compressed. Check settings, and it was somehow set to the storage saver despite paying for 2TB storage. Thankfully, it seems all the photos auto-backed-up via my iPhone WERE still set for original high quality though!  Not much has been uploaded by the browser, but also not 0. Is there a way I can search which photos have been uploaded by the browser (viewing individual photos does show the source) or which photos are being stored in the storage saver mode?  Upvote  1  Downvote  2  Go to comments  Sort by:  Best  Search Comments  Expand comment search  Comments Section  u/photographer-in-law avatar  photographer-in-law  •  1mo ago  Unfortunately no, there’s no search filter or operator for upload source or backup quality. The info panel on each photo shows both (source, and “Backed up in Storage saver / Original quality”), but you can’t query it in search.  Two workarounds:",{},2026-09-28T09:10:55.091717
fc788cfe-cfcd-4b7a-adbf-77920c717312,reddit,anonymous_user,2026-09-28T00:00:00,,"Recently added view. Sort by recently added at photos.google.com. Since your browser uploads are presumably recent and few, they’ll cluster together and you can spot-check the info panel on each.",{},2026-09-28T09:10:55.091717
6e451905-8535-4676-a9d2-09838bfb1370,reddit,anonymous_user,2026-09-28T00:00:00,,"Google Takeout (the thorough option). Export via Takeout and each photo gets a JSON sidecar with a “googlePhotosOrigin” field that says whether it was a mobile upload (including device type) or a web upload. Grep the JSONs for “webUpload” and you have your exact list. Overkill for a handful of photos, but definitive.    Once you find them, just delete the compressed copies and re-upload the originals from your computer. They won’t dedupe against the compressed versions since the files differ.",{},2026-09-28T09:10:55.091717
d1332e4d-bf9f-4a62-91ce-940f37718ee1,reddit,anonymous_user,2026-09-28T00:00:00,,"Missing grouped pet on the website    Anyone encounter a missing grouped face/pet on the PC? It's visible on the app(on multiple phones) but not showing up on the Google photos website. The pics are all there and when going thru them, it asks if I want to group them as a whole new pet. I even have an album that auto adds this particular pet and it works fine.  Upvote  1  Downvote  2  Go to comments  Sort by:  Best  Search Comments  Expand comment search  Comments Section  Pawsitive-Games  •  1mo ago  Since the group still appears on both phones and the auto album is still adding that pet, the underlying face group sounds intact. On the website, check Settings > Memories > Hide faces and make sure the pet is not set to Blocked: Google says blocked faces disappear from the People & pets page on desktop.  If it isn't blocked, I would avoid creating a new pet group from the individual photos for now, since that could leave you with two groups if the web view catches up. Try opening photos.google.com/people while signed into the same account, then send feedback from the web site if it is still absent. Face grouping is handled by Google, so a browser-side refresh may not resolve an account-side mismatch.",{},2026-09-28T09:10:55.091717
617205a9-e1fb-4b5e-b717-35152e96ba39,reddit,anonymous_user,2026-09-28T00:00:00,,"How does people identification work?    Having not paid attention to it for ages, I'm now struggling to work out how people identification works these days in Google Photos. I noticed that it labelled a whole load of recent photos as one of my contacts when they neither featured thus person nor had any common people in them. It even labelled some pictures with action figures as the person. In removing the mislabelled figures from the group for this person, I then discovered that there seemed to be no way of telling Google Photos that a particular photo contained a particular person. What am I missing here? Have they totally bogged-up one of their apps best features? Or am I just missing something totally obvious? Thanks in advance for any assistance.  Upvote  0  Downvote  1  Go to comments  Sort by:  Best  Search Comments  Expand comment search  Comments Section  TheManWithSaltHair  •  1mo ago  Profile Badge for the Achievement Top 1% Commenter Top 1% Commenter  If you look at a photo’s details it should say ‘n faces available to add’ and then you can pick the correct person. If you don’t see that option it may be restricted by privacy laws in your country.  Upvote  1  Downvote  Reply  Award  Share",{},2026-09-28T09:10:55.091717
bc1b1834-7b59-42e4-bd14-8284c3e30979,reddit,anonymous_user,2026-09-28T00:00:00,,Missing decades of pics    Hi gang. Recently my finance asked about my 20s and wanted to see some pics. I found everything before about 2010 no longer there in Google pics.  Is there any course of action or did I make some colossal. Blinder while refusing to pay for data.  I did a big clean up to stay under the free space allocation. But certainly didn't delete whole eras of my life intentionally !!!!,{},2026-09-28T09:10:55.091717
1c6ea7b9-2247-4e8b-bedb-7556a19f7e97,reddit,anonymous_user,2026-09-28T00:00:00,,"Finding my photos in collections    For some reason I can't find any of my photos in collections, I can find them normally by scrolling down the main area but EVERYTHING is gone in collections. All the memes I made, all the memes I saved from media is gone, even the screen shots are missing. When I open the app they are all there, non are achieved or deleted l, but I head to collections and suddenly all 4000+ memes from one app are missing and all that is left is a recently saved one. How do I fix this?",{},2026-09-28T09:10:55.091717
c091ef34-32c8-4296-988e-6cbabaf2b19a,reddit,anonymous_user,2026-09-28T00:00:00,,"Finding specific photo in a large album    I asked this question here 2 years ago but it wasn't possible then, is it now?  >>I have an Album in Google Photos that has more than 1400 pics in it. When I'm rearranging the pics in the Album in my customized way, I can't easily find the pics I need to move around, not when I'm looking thru 1400 pics. Is there a way to find a specific pic in this Album? TIA<<  One person asked why I don't just search Google Photos for a pic. I do that, it shows me what Album that pic is in, I'll open that Album, but I don't know how to easily find ONE particular picture that is somewhere among 1400+ pictures. I did CtrlF when I opened the Album, but it shows 0 results, and that's even for something that I literally see in the Album that I've opened.  I'm trying to organize my photos my specific way, but this makes it hard and even more time consuming that the project already is. Can anyone give me any suggestions? If you can, I'd appreciate it.  Upvote  3  Downvote  5  Go to comments  Sort by:  Best  Search Comments  Expand comment search  Comments Section  flinstoner  •  2mo ago  If it's always the same photo you're searching for, add it to your favorites, much easier to find.  On the desktop version of Google photos, I think you can also rename photos which mean you can then search for that specific word/name.  Upvote  3  Downvote  Reply  Award  Share  u/Drunken_Economist avatar  Drunken_Economist  •  2mo ago  On the desktop version of Google photos, I think you can also rename photos  Not just desktop, the app also lets you add/edit captions by swiping up on a specific photo  Upvote  1  Downvote  Reply  Award  Share  dayankuo234  •  2mo ago  on the app or website, can you use the search function to look for something that you remember was in the scene? (e.g. if I looked up ""egg"" I'd see eggs in different forms, sunny side up on a plate, hard boiled, in the shell, something in an egg shape, and the word ""egg"")  Upvote  2  Downvote  Reply  Award  Share  u/Shoddy-Blacksmith336 avatar  Shoddy-Blacksmith336  •  2mo ago  Thank you. I'm glad to hear I'm not alone with this particular project 😵‍💫!  Upvote  2  Downvote  Reply  Award  Share  u/audb29 avatar  audb29  OP  •  2mo ago  I don't think I'm explaining or describing what I want correctly. Let me try again:  Say I have an album with 500 dog pictures in it. Google places those pictures in dated order of when they were taken. I want to group all 75 of the poodles together, but the poodle pics were taken days/weeks/months apart and are scattered all over the album, in dated order of when they were taken. How can I easily and quickly find all the poodles within that album and not have to page down over and over thru 500 pictures and check each one for the poodles? Because then I want to group the labs, then the Chihuahuas, then the German Shepherds.... Do you see what I'm saying? Like I said, doing CtrlF when I open the album and searching for poodles isn't working, it says there are 0 poodle pictures even though I'm looking at one at the top of the album.  Hope I explained this better and hope someone has an answer. Thanks again!  Upvote  1  Downvote  Reply  Award  Share",{},2026-09-28T09:10:55.091717
4f3dbb1c-cf60-44ba-9eb1-1d14c72c19d0,reddit,anonymous_user,2026-09-28T00:00:00,,"Go to googlephotos    r/googlephotos  •  1mo ago  LMNOPAUL  Google photos missing features  Feedback 💬  I have been using the Google Photos App on pure Android phones for many years. I've generally been happy with the service. However there are a couple features that should be added:  - Manual Face & Person Tagging: Google Photos currently only lets you tag people if its algorithm detects a clear face. I want the ability to manually tag someone in a photo or video even if their face is not clear or off camera.  - Album Search Bar: it's a pain to search through large albums (some of mine have over 1,000 photos!) Adding a dedicated search bar inside individual albums would make finding specific photos of people or tags much faster.  - One-Tap Album Removal from Photo Info: Swiping up on a photo shows every album it belongs to. Adding a quick ""remove"" or ""x"" button directly next to each album name in this view would make organizing much easier.  - Multi-Album Selection Menu: Borrow the YouTube-style checkbox list for organization. When selecting a photo or video, allow users to tap ""Add to Album"" and check off multiple albums at once from a pop-up list, rather than adding them to each album one by one. (I'm also waiting for YouTube Music to add this exact same multi-select checkbox feature!)  Google please add these features!",{},2026-09-28T09:10:55.091717
cba8d053-37d2-43c7-abe6-f94dbc892b67,reddit,anonymous_user,2026-09-28T00:00:00,,"Easy way to find and delete all photo ""videos"" after Takeaway download    So I've finally gotten around to downloading my 500gb of photos and videos from Google Photos via Takeaway. Worked great. Unzipped the entire thing and deleted all .json files.  Now I'm stuck with these ""photo videos"", you know those ones that allow you to select the best shot. It's just too much to trawl through nearly 100k photos and delete the video file individually - I can't just filter by .avi or .mp4 etc because I want to make sure I can double check some throwaway video snaps or edits before using Bridge to properly rename/file/categorise and move on from paying Google for cloud storage permanently.  Surely there has to be some way to filter these specific videos from normally shot videos?  While I'm at it, what is the best free program to find duplicate photos since I have folders of specific photos and the folders sorted by year (as per Takeaway) and I'd like to just quickly sort them all out cleanly.  Kinda crazy how we have all this tech and there's no truly simple way to archive and sort without going through convoluted, multiple program routes.  Thanks in advance. Appreciate you!  Upvote  2  Downvote  13  Go to comments  Sort by:  Best  Search Comments  Expand comment search  Comments Section  u/StimulatorCam avatar  StimulatorCam  •  1mo ago  It depends on what brand of phone you took the motion photos with. Pixels for example add .MP before the .jpg  Upvote  1  Downvote  Reply  Award  Share  Virama  OP  •  1mo ago  Google pixel all the way. That's good info thank you!  Upvote  2  Downvote  Reply  Award  Share  TheManWithSaltHair  •  1mo ago  Profile Badge for the Achievement Top 1% Commenter Top 1% Commenter  The current MP format has the video embedded in the jpg, so these must be from an older standard.  Upvote  1  Downvote  Reply  Award  Share  Virama  OP  •  1mo ago  Well, I have a pixel 9 pro and it's got three files for every shot - a JPG, a burst video and a .json. The .json is easy to remove from the equation but the short videos are doing my head in because there are also a few short videos I would like to find and keep that are either in lower resolution or just short funny reactions from precious people. So simply sorting by file size doesn't work.  I've had pixel 1, 3, iPhone something (8?) which was utter garbage (I'm a photographer and ex wanted me to be apple so she could video call me properly 🤦🏼‍♂️ - seriously pixel beats iPhone for camera quality) then 7 and now 9.  So yes. Even the most recent shots have that burst video in the same file name as the OG photo but saved as a separate file which is in video format.  Upvote  1  Downvote  Reply  Award  Share  TheManWithSaltHair  •  1mo ago  •  Edited 1mo ago  Profile Badge for the Achievement Top 1% Commenter Top 1% Commenter  In the other post I linked someone said that Motion photos / Live Shot videos might be a lower resolution to regular videos. I can’t get a Motion photo (.MP.jpg) to save as a separate video like you, but I did burst / live shot (.LS.mp4) by holding down the shutter and the resolution of this was 1080x1440 instead of 1080x1920. In Windows Explorer you can add the Frame Height and Frame Width columns and sort by those.  Upvote  1  Downvote  Reply  Award  Share  Virama  OP  •  1mo ago  Ooo ok that's a good piece of info! Thanks, still sifting through the folders and cleaning up the obvious trash but I'll report back. Been a hell of a week, everyone seems frazzled.  Appreciate you.  Upvote  1  Downvote  Reply  Award  Share  TheManWithSaltHair  •  1mo ago  Profile Badge for the Achievement Top 1% Commenter Top 1% Commenter  Also if your Top Shot / motion photos have been split, do the video parts not all end in .MP.mp4 so can be searched?  Upvote  1  Downvote  Reply  Award  Share  StagVixenLife1  •  1mo ago  Google takeout. Feels like the last 🖕from google i got 16 4gb files ofpics i just deleted the json files and left it at that  Upvote  1  Downvote  Reply  Award  Share  Virama  OP  •  1mo ago  Yeah with you there. Just glad I COULD get that 500gb off without any BS!  Upvote  1  Downvote  Reply  Award  Share  TheManWithSaltHair  •  1mo ago  •  Edited 1mo ago  Profile Badge for the Achievement Top 1% Commenter Top 1% Commenter  The folders by year should be complete. The items in albums will be duplicates.  In terms of the motion photos you need to identify videos with the same name as jpgs in each folder. Here’s some suggestions: https://www.reddit.com/r/datacurator/s/2A8YumvWf6.  That should be safe if the files are named by date. I’m not sure how Takeout handles a motion photo and a completely different video with the same name. Hopefully when renamed the linked jpg and video are kept with the same name.",{},2026-09-28T09:10:55.091717
3a67de7d-d9ff-41bc-8c74-b698d51de168,reddit,anonymous_user,2026-09-28T00:00:00,,"Safe search filter??? 🤔    I have been using Google Photos for over 10 years to back up the photos from my phone’s gallery. I literally have more than 100,000 photos stored in Google Photos.  Until recently, I could search for words such as “lingerie,” and the app would display the relevant results correctly.  However, for the past few weeks, Google Photos has stopped showing results for terms such as “lingerie” and “panties.”  It seems that some kind of safety or content filter may have been introduced. But why would I need protection from my own personal photos? I do not see any reason for this restriction, and I would like to know whether there is a way to disable this safe-search filter when searching through my own photo library.",{},2026-09-28T09:10:55.091717
0a6d0df0-555f-4c6f-abef-58ad09328f9b,reddit,anonymous_user,2026-09-28T00:00:00,,"I can no longer search for photos by date    Troubleshooting ⚠️  r/googlephotos - 9:51 77 July 2016 Try searching for a similar word You can add missing photos from other places like Facebook, Canon; your computer; and more Import photos  I have saved photos from when my child was a baby in Google photos. I've always been able to search by date, for example ""July 2016,"" but now when I do that it says I can't search using those terms. I don't see any option to disable the AI search feature. I'm going to have to migrate all of my photos to a different platform if this keeps up, there's no point in storing photos if I can't search for them without AI.",{},2026-09-28T09:10:55.091717
eb93b9c5-a461-4019-9be7-7f2209655e01,reddit,anonymous_user,2026-09-28T00:00:00,,"What happened to the search feature on the app?    The search option used to deliver amazing results. You could search ""bike"" and any photo, screenshot, etc with a bike in it would show up, along with any image with the text ""bike"". It also worked for any captions or descriptive text manually added to a photo. This was also extremely helpful for photos of documents or bills. All you had to do was search something like ""Progressive"" and there's the photo I took of my insuance bill.  Over the past few weeks, this feature is useless. Search results are giving me photos that have nothing to do with the search term. Now it's divided in ""most recent"" and ""best match"" both of which are garbage. Anyone notice this change? Or know how to get back to the old search results?",{},2026-09-28T09:10:55.091717
24b73d2b-30a1-4a80-a256-2dc5b6c46c54,reddit,anonymous_user,2026-09-28T00:00:00,,"Searching Google Photos on Android not finding my pics    I'm looking for a picture of a friend's pet, I have the pet's name in the Info field. When I search Google Photos on my Pixel XL9Pro for the pet's name, nothing pops up. But when I search Google Photos in the browser on my Windows PC, the pictures show up there. What's my problem?",{},2026-09-28T09:10:55.091717
f8850b57-58c9-41f2-a856-54ab9611ab4e,reddit,anonymous_user,2026-09-28T00:00:00,,"What happened to google photos search???    Every time I try to search up ""dog"" my feed only shoes me some pictures of dogs but not ALL my dog pics. Wtf happened?? It used to show me every picture that it identified as a dog, but now it doesnt? Whats going on?",{},2026-09-28T09:10:55.091717
1fa2a7cc-927c-48d4-b6fe-ec6bcceaac15,reddit,anonymous_user,2026-09-28T00:00:00,,"Google photos removing 'search' and replacing it with 'ask' is the worst feature I've ever seen    I take a lot of photos. I have over 50k photos and videos on my phone. I like taking photos of birds. I used to be able to search 'kookaburra' and a kookaburra would show up.... Now nothing comes up at all.  So instead, I 'ask' for birds... It shows me 6 photos. I have over 400 photos of birds...  I live undermeath a flight path and take photos of the planes all the time... 'ask' shows me only 19 photos... I probably have a few hundred  What the actual fuck is this AI bullshit  Archived post. New comments cannot be posted and votes cannot be cast.  Upvote  1.9K  Downvote  211  Go to comments  1  Repost  Share  Sort by:  Best  Search Comments  Expand comment search  Comments Section  Gaiden206  •  9mo ago  You can turn it off.  Photos settings > Preferences > Gemini features in Photos  Upvote  665  Downvote  Award  Share  Gohomepatyouredrunk  •  9mo ago  Thank you!  Upvote  78  Downvote  Award  Share  bonix  •  9mo ago  Holy shit thanks. The search was literally garbage with Gemini.  Upvote  95  Downvote  Award  Share  Rated777  •  8mo ago  Gemini was great until the update that forced itself on me in ways in which I'll probably never use gem again. sad to say too actually.  Upvote  3  Downvote  Award  Share  u/jeremyselier avatar  jeremyselier  •  8mo ago  Hello from Photos, if you are comfortable, I would love to know the type of searches that were failing for you when you had the feature enabled.  Upvote  2  Downvote  Award  Share  aeroverra  •  8mo ago  For one stop policing searches of my own photos.  Upvote  6  Downvote  Award  Share  u/EmptyCall3005 avatar  EmptyCall3005  •  7mo ago  Exactly,  I was searching my photos for friends of mine, their old band from the late 80', maybe early 90s. The bands name was Carnal Dissection and I have their original band promo picture with their name on it, and have a picture of it. So it should 100% find my photo, yet it says ""That's out of my scope, but let me know if you'd like help with something different."" I almost lost my shit.haha  Upvote  3  Downvote  Award  Share  aeroverra  •  7mo ago  Yeah I was searching for a photo of my friends and I seeing how many people we could fit into a hole in something called ""the jungle"" on a cruise ship.  When I searched ""jungle hole people"" it censors it. Meanwhile when using something like Immich it pulls up the photos perfectly.  Mind you these are completely clothed innocent photos but if I have non innocent jungle hole people photos I should still be able to search them...  Upvote  2  Downvote  Award  Share  u/ax0r avatar  ax0r  •  9mo ago  Pixel 8 Pro  So what do I do if there is no ""Gemini features in photos""?  Upvote  34  Downvote  Award  Share  zoomzoom71  •  9mo ago  Pixel 10pxl  emoji:pixel8probay:  You can select to have only Ask turned off, leaving other Gemini features active.  Upvote  6  Downvote  Award  Share  u/ax0r avatar  ax0r  •  9mo ago  Pixel 8 Pro  I can't, though. Photos settings > Preferences  Options are Photos view, Group similar faces, Memories, Photo grid playback, and Activity-based personalisation. Nothing about Gemini  Upvote  20  Downvote  Award  Share  zoomzoom71  •  9mo ago  Pixel 10pxl  emoji:pixel8probay:  My ""Gemini features in Photos"" is the 5th selection, just under ""Photo grid playback"".  Upvote  4  Downvote  Award  Share  u/Hyperion1144 avatar  Hyperion1144  •  9mo ago  I don't have it either.  -Photos view  -Group similar faces  -Memories  -Photo grid playback  -Activity-based personalization  That's it. That's all the options. Nothing else.  Is Google doing A/B Testing again? For example, it's pretty well established at this point that we don't all see the same interface layouts in the YouTube and YouTube Music when on mobile.  Even on identical models of phones, some of us will see different things.  Also, I still have a ""search"" button in Google Photos.  Upvote  15  Downvote  Award  Share  IridescentKoala  •  9mo ago  If you still have search you probably don't have Gemini for photos enabled then.  Upvote  3  Downvote  Award  Share  u/ax0r avatar  ax0r  •  9mo ago  Pixel 8 Pro  Nope  https://imgur.com/a/mAw0cSW  Upvote  4  Downvote  Award  Share  2 more replies  2 more replies  seahavxn  •  9mo ago  •  Edited 9mo ago  Can you screenshot this settings menu? I can't find it  editing to add: this option isn't available to me  Upvote  25  Downvote  Award  Share  DaUsed  •  9mo ago  Tap your profile picture then Photo settings  Upvote  3  Downvote  Award  Share  seahavxn  •  9mo ago  The option isn't there for me :-)  Upvote  13  Downvote  Award  Share  u/importantttarget avatar  importantttarget  •  9mo ago  Do you even have Gemini features in Google Photos? If not, you can't turn them off. I don't have them, so I can't turn them off.  Upvote  3  Downvote  Award  Share  seahavxn  •  9mo ago  I honestly don't know, I don't use Gemini or the assistant so I don't really take notice of it. I swear there were Gemini features in the photos app. I ended up disabling Gemini last night anyway just to be sure.  Upvote  1  Downvote  Award  Share  Jimmy_Fromthepieshop  •  9mo ago  Ask Gemini how you can switch it off  Upvote  6  Downvote  Award  Share  u/th3bigfatj avatar  th3bigfatj  •  9mo ago  ""I can't let you do that, Jimmy.""  Upvote  6  Downvote  Award  Share  u/Keepa5000 avatar  Keepa5000  •  9mo ago  Pixel 8 Pro  emoji:pixel8probay:  God bless you lol I was losing my mind with the Ask function.  Upvote  17  Downvote  Award  Share  3 more replies  u/there_wreck avatar  there_wreck  •  9mo ago  Pixel 9 Pro  Thanks so much! There's been so many instances where I'm just frustrated with the useless Gemini results. I'm so glad we can still disable this.. for now..  Upvote  22  Downvote  Award  Share  1 more reply  u/Kittycat-banana avatar  Kittycat-banana  •  9mo ago  Pixel Watch 3  I don't have that option for Gemini. :(  Upvote  12  Downvote  Award  Share  1 more reply  u/pronesmk avatar  pronesmk  •  9mo ago  Thank you so much. I had really just given up. Pretty great example of a terrible feature some helpless Product team added to boost some pathetic KPI.  Upvote  6  Downvote  Award  Share  1 more reply  u/nonvideas avatar  nonvideas  •  9mo ago  I love you.  Upvote  5  Downvote  Award  Share  u/djz7c avatar  djz7c  •  9mo ago  I think I love you  Upvote  5  Downvote  Award  Share  u/BernieSandersLeftNut avatar  BernieSandersLeftNut  •  9mo ago  Oh thank you  Upvote  4  Downvote  Award  Share  u/XenonOfArcticus avatar  XenonOfArcticus  •  9mo ago  Thank you kind Internet stranger.  Ask sucks. Ask me how much.  Upvote  4  Downvote  Award  Share  1 more reply  Iceblox11  •  9mo ago  Pixel 6  emoji:pixel6seafoam:  Omfg thank you  Upvote  3  Downvote  Award  Share  rapgraves  OP  •  9mo ago  THANK YOU  Upvote  3  Downvote  Award  Share  Graybeard36  •  9mo ago  clarification- this is on the phone settings. this setting is not in the photos.google.com browser ""app"".  THANK YOU JEEBUS I never even thought to look if it was removable, i just sort of shrugged at the AI enshittification and kept moving. lesson learned: complacency is the enemy. disable AI wherever possible.  Upvote  3  Downvote  Award  Share  xlerate  •  6mo ago  Pixel 8 Pro  emoji:pixel8proobsidian:  Where in the phone settings?  Upvote  1  Downvote  Award  Share  u/taybul avatar  taybul  •  9mo ago  Pixel 9 Pro  Anyone know how to do the same for Google home? I'm tired of the popups and nags I get for it.  Upvote  2  Downvote  Award  Share  u/Alternative-Farmer98 avatar  Alternative-Farmer98  •  9mo ago  Yes I know but Google is making this the new default for everything and increasingly they make turning these things off harder to do. Like just turning off gemini data collection now so they're not automatically reading your emails and notes and docs and s*** requires going deep into the Gmail settings into two separate parts and turning things off.  And then even after you do that they end up turning it back on a few months later for you to have to go back and do it again  Upvote  2  Downvote  Award  Share  xlerate  •  6mo ago  Pixel 8 Pro  emoji:pixel8proobsidian:  Looks like this is no longer an option. After the latest update, this is no longer available.  Google Photos: version 7.67.0.882706237  Upvote  2  Downvote  Award  Share  26 more replies  u/beerisg00d avatar  beerisg00d  •  9mo ago  I was able to turn it off photo settings. Preferences. Gemini in photos. I turned it off. Try it let us know if it works for you  Upvote  79  Downvote  1  Share  u/BANGImportant2825 avatar  BANGImportant2825  •  9mo ago  So much better! It worked for me.  Upvote  11  Downvote  Award  Share  u/bluemonkeysky avatar  bluemonkeysky  •  9mo ago  Pixel 10 pro  emoji:pixel9wintergreen:  Incase you haven't found it already, you can turn off all the Gemini trash in photos and get the good search back.  Settings > Preferences > Gemini features in photos",{},2026-09-28T09:10:55.091717
dbaf20d3-f7f9-46b4-8e28-9e2c587e8f7d,reddit,anonymous_user,2026-09-28T00:00:00,,"Google photos, what people don't understand in my opinion    Google photos is so much more than a storage location. The ability to search for people, places, And other things that you haven't actually identified but Google AI does makes it so valuable. Recently I wanted to find a picture of myself and my wife sitting in front of some tulips about 5 years ago. So I just typed that description in and found it in 2 minutes. That's the kind of thing you can do in Google photos that you can't do in a standard storage environment.",{},2026-09-28T09:10:55.091717
be418979-7791-4ac4-941e-0b1a4b31a86a,reddit,anonymous_user,2026-09-28T00:00:00,,"Search is absolutely atrocious now.    I have used Google Photos since 2015, at the time when owning a Google Nexus/Pixel phone entitled you to special perks, unlimited storage being one, until they removed device-specific exclusive features a few years back.  It has always been my godsend for finding specific photos from years gone by, thanks to the search function being so pinpoint using the littlest of terms.  If that didn't work, typing in specific keywords paired with quotation marks on each side, at least for me, would succeed without fail the majority of the time, for things like comics, memes, signage, DVD covers, etc.  In recent months, thanks to Google's unnecessary shoehorning of Gemini/AI (which is merely a buzzword), it now feels nearly impossible to find anything, and is the equivalent of pulling teeth out when you attempt to.  The new ""Best match"" tab is useless and mostly inaccurate, with nonsense ""matches"".  I really do hope the search functionality irons itself out in the coming months, but the one perk that made Google Photos very useful in a pinch to me is gone. 😞",{},2026-09-28T09:10:55.091717
80ef81ba-f1ac-42bf-a2d8-dd612ef22823,reddit,anonymous_user,2026-09-28T00:00:00,,is there a way to search Google photos using a photo?    I have a recent photo that has something very distinct in it. I am Trying to find an older photo I have of that same item but I have so many photos I can't find it and I don't remember when I took the photo. I was wondering if I could search Google photos on my phone to try to find a match to the current photo. Hope that makes sense. Thanks in advance!,{},2026-09-28T09:10:55.091717
0fbba68c-b681-4453-9e53-5742de41a64f,reddit,anonymous_user,2026-09-28T00:00:00,,"Google Photos date search completely changed?    Has anyone else noticed that searching by date in Google Photos has suddenly stopped working properly?  I used to be able to type something like “20 October” and it would show all the “Best match” options first, then relevant results grouped by date — really tidy and easy to browse.  Now, when I search a date, it just gives me a giant block of random photos and I have to open them one by one to check when they’re actually from. It doesn’t seem to sort them by date at all anymore.  I’m using the Android version of the app - has this feature been removed, or is it just bugged for some people? I've got over 47,000 photos and planned on finally trying to sort them out once a day, but this has ruined all my plans if it's throwing up photos from all sorts of irrelevant dates.",{},2026-09-28T09:10:55.091717
772f1677-40fd-46fa-aa34-14dc9e52ae01,reddit,anonymous_user,2026-09-28T00:00:00,,"I know this is from a bit ago, but I've found this works for me - I use month-day to clean my photos, so for example, I'll search March 15 and delete dups and screenshots across all years for that date. Typing ""March 15"" used to work, as you mention, but now I get those fuzzy results with photos from the date and near the date. If you use MM-DD (or, depending on your location, I suppose DD-MM?) - NOW I get exactly what I'm looking for... Up at the top I still get most relevant, but the next section down is ""Most Recent"" which does include all the photos. So for March 15, now I type ""03-15"".    Upvote  3  Downvote  Reply  Award  Share  u/Fluid_Beat_1282 avatar  Fluid_Beat_1282  •  1y ago",{},2026-09-28T09:10:55.091717
4ff3b5a8-b051-403d-ab36-171032f20306,reddit,anonymous_user,2026-09-28T00:00:00,,"I have been tearing my hair out over this for the past couple of days and just figured out how to fix it by accident. When you're on the big block of photos under ""Most recent,"" do the pinch to zoom in action anywhere on that block. You'll first get a view of small thumbnails and large font with just the month and year (July 2019, for example). If you pinch to zoom in one more time, the thumbnails will enlarge slightly and you'll see the full date - just like in the good ol' days.",{},2026-09-28T09:10:55.091717
b500047a-a386-44d5-b562-3d47269fd961,reddit,anonymous_user,2026-09-28T00:00:00,,"Can we add information to a picture to easily search for it later via Google photos?    Basically I have an item I need to keep the code from (it's the code to our car fob in case we lose them), and I want to be able to easily find this picture in 5 years when I may need it.  I tried adding text to the image via editing on Google photos, and I have also added a description in the photo via Google photos, but Google photos still cannot find the picture.  Surely there is some way, I cant see Google being completely out to lunch of what I would assume is a pretty basic search feature to implement.  Upvote  4  Downvote  5  Go to comments  Repost  Share  u/paloaltonetworks avatar  paloaltonetworks  •  Ad  Discover why Gartner® recognized Palo Alto Networks as a Market Shaper in AI Application Security. Read the report.  Download  paloaltonetworks.com  Thumbnail image: Discover why Gartner® recognized Palo Alto Networks as a Market Shaper in AI Application Security. Read the report.  Join the conversation  Sort by:  Best  Search Comments  Expand comment search  Comments Section  ctyz1999  •  3y ago  I created an album cleverly labeled ""FindMe"" and add photos there.  I thought text in the description was searchable... As well as text in the image.  Try renaming the file as well.  Also - do the search from the uploaders account - shared photos might not work as well.  Upvote  2  Downvote  Reply  Award  Share  [deleted]  OP  •  3y ago  The find me folder seems like the best option. A great idea honestly.  I really feel like they need to implement searches to search the description or text in the photo.  Upvote  1  Downvote  Reply  Award  Share  Mr_Loopers  •  3y ago  I have also added a description in the photo via Google photos, but Google photos still cannot find the picture.  Try it again. Searching for description text does work, but it takes some time for that description text to get indexed. Add the text to the description, and search for it tomorrow --it'll work.  Upvote  2  Downvote  Reply  Award  Share  [deleted]  OP  •  3y ago  You're right! It works!  Thanks!  Upvote  3  Downvote  Reply  Award  Share  u/kirked_out avatar  kirked_out  •  3y ago  You can just put it in your favorite folder. That is where I keep serial numbers and the like.",{},2026-09-28T09:10:55.091717
c361c07f-1afd-4f61-b18f-f3f1d7851fb2,reddit,anonymous_user,2026-09-28T00:00:00,,"Google photos search feature no longer functional without backup    General  I don't use googles service for back up, I just use hard storage on my PC. I've had a couple different pixel phones and I've had my current one for about two years now. I've always been able to use the search feature in the photos app, and it even had a bunch of auto generated folders for different faces and stuff. However, all of that is gone as of a week or so. If I search anything, even simple stuff that would normally populate a ton of pics like ""dog"", I get nothing but a screen that says ""no results, turn on back up to help search"". I do not want to turn on back up. Anyone know if there's a way to get these features back or is this just how Google is going to do things now.",{},2026-09-28T09:10:55.091717
ff59a821-089e-4d57-a632-a2ebd4f6fc5e,reddit,anonymous_user,2026-09-28T00:00:00,,"Google Photos search is much worse all of a sudden    Troubleshooting ⚠️  I've been using the search function for years to find places I've visited. One search term I used often is ""museum"" and it showed me all the museums I've been to. Then about 2-3 weeks ago that stopped working. Now it's showing me one museum I visited in 2018 and that's it.  I don't understand why this isn't working anymore or how to fix it. Any ideas?",{},2026-09-28T09:10:55.091717
898f8b15-28be-4082-ad27-ab41fac6bd4d,reddit,anonymous_user,2026-09-28T00:00:00,,"That search used to give me a lot too, now it’s only showing pictures that have the word museum in them. That sucks!    Upvote  4  Downvote  Reply  Award  Share  u/PuffThePed avatar  PuffThePed  OP  •  3y ago  I just realized it's only giving me photos that are in a an album that has ""museum"" in the title. It seems the search function was degraded and now doesn't look at location. Really sucks.  Upvote  3  Downvote  Reply  Award  Share  danjlwex  •  3y ago  I doubt that it ever used your location as a way to determine whether you were in a museum. Before The search would have worked if you manually place them in a folder called museum, or if the AI recognized a museum from the image.  Upvote  2  Downvote  Reply  Award  Share  u/PuffThePed avatar  PuffThePed  OP  •  3y ago  It does use location. If I put in ""MFA"" it will show photos from the MFA museum. And it used to do that with the word ""museum"", but it doesn't anymore.  Upvote  2  Downvote  Reply  Award  Share  steveofthejungle  •  3y ago  It used to be AI recognition. I’m pretty sure a few pictures in my house that were collectibles on a shelf used to be in the museum tag too",{},2026-09-28T09:10:55.091717
b947fbee-4136-4658-8cff-6e06b9a1e0c8,reddit,anonymous_user,2026-09-28T00:00:00,,"In the Google Photos search page, a BEAR is displayed under the search option ""turtles"". Shouldn't the AI system distinguish a shelled reptile from a mammal? And, no search results appeared for DOGS!",{},2026-09-28T09:10:55.091717
698243fe-45d6-49bf-913e-880caf15c891,reddit,anonymous_user,2026-09-28T00:00:00,,"THIS!!## I tried searching ""Trina Turk"" lemme explain first. I sell clothing Trina Turk is a label. In the past if I searched for this I would see all of the photos with the words ""Trina Turk"" in the photo as well as some that have the term in the info of the photo. I SHOULD get maybe 50 photos, but I got 18. Also not one of those photos was of a clothing tag with the words ""Trina Turk"" in the photo!! Very irritating I have thousands and thousands of product photos scrolling through to find something could take all day.",{},2026-09-28T09:10:55.091717
b67f5b80-e589-454a-ba6b-12a5183fbb89,reddit,anonymous_user,2026-09-28T00:00:00,,"[Edit: Apparently, it was a temporary glitch and now I am able to find photos using words added to the information field. Phew! Original post below.]    You used to be able to search for text added to the info field of photos [""Info - add a description""]. That was very handy. Essentially this allowed you to add keywords that would help you find certain photos again easily.  Now Google Photos won't search for text in ""Info"", which needless to say, is frustrating. I had a photo of a flight itinerary. It's in Chinese so I added keywords ""flight"" and ""itinerary"" to the info field. But if I search for those words, the photo doesn't come up. I've tried searching for other photos using keywords that I previously added to the info field and Google Photos comes up blank. I'm hoping this a temporary glitch and not a permanent downgrade in functionality.  Pretty please Google Photos allow us to search for text in the info field.",{},2026-09-28T09:10:55.091717
1460ee69-0a32-454a-8a6a-774619c1f7a3,reddit,anonymous_user,2026-09-28T00:00:00,,"I recently just purchased a google one cloud storage upgrade solely so I could utilize google photos for the extra storage as I used to use it back when it gave free unlimited storage. But switching from my default iOS photos app on my iPhone to google photos has been so frustrating because I can’t search for simple text in an image. It’s stupid that I’m paying money for a service from a company most famous for their search engine capabilities/technology, yet I can’t even search for what I want in my own library. I have a lot of images from off the web that have text in them saved on my phone, and it’s reached the point where it’s quicker and simpler for me to google the image on google images and try to find it there, rather than just search for it in my photo library like I was able to do seamlessly when I used iOS photos. I debated between getting google photos and an iCloud storage upgrade and ultimately chose google one for the added email benefits and what I presumed to be a simpler user experience, but this is just despicable especially since the google photos app had wonderful search before it has just downgraded so significantly in its current state.",{},2026-09-28T09:10:55.091717
9c658bfe-8861-43fc-9211-ae45fc4a812b,reddit,anonymous_user,2026-09-28T00:00:00,,"If you take screenshots, WHY CAN'T Google Photos search for images TITLED ""SCREENSHOT""??? When I enter the word ""Screenshot"" in the search field, it comes up instead: ""Try searching for a similar word""",{},2026-09-28T09:10:55.091717
1f92a43e-21cd-4bd5-8297-63b09a306607,reddit,anonymous_user,2026-09-28T00:00:00,,"Same here guys. I use the Google Photo search for all sorts of things...i.e. receipts, photos of tents, etc. And up until a few months ago it would pull amazing searches....now when I search something as simple as ""car"" I get NO RESULTS.    site note: when i do the same search on the phone, it comes back with bunch of results, like it used to. anyone have any idea why the web version would not have search functionality working anymore?",{},2026-09-28T09:10:55.091717
7cabcf9d-3745-4b2b-8b31-d9f36df5bd1c,reddit,anonymous_user,2026-09-28T00:00:00,,"Chiming in that this is still a problem (09-2024). The search used to be amazing, perhaps a year ago now. I used to be able to do searches like:    ""painting of a woman in a blue dress"" ""black and white dog in Hawaii"" ""green pancakes in Japan""  and it would reliably find the photo I was thinking of. Now, all of these searches do not return any results.  Just as a test I searched for ""portrait of a woman"" (of which I probably have hundreds of photos from museum trips over the years), and it only brought up a few photos, and 90% of them were not portraits of a woman, but rather a photo of a painting that happened to have a lady standing in the shot. That makes some sense, but the search used to be good enough to infer what I meant.  The search is the main thing I have used Google Photos for, so I would really like to switch to a new system.",{},2026-09-28T09:10:55.091717
c99ea7a3-4730-4a12-8bee-1d9b2d0992c1,reddit,anonymous_user,2026-09-28T00:00:00,,Just noticed this myself and found this thread. I took pictures of all my paintbucket with their paint code back in 2017/2018 and tested the search function with paintbucket and got em all. Just recently I tried paintbucket and nothing. Then I tried bucket... nothing. Paint ... Nothing. And ended up having to scroll through both 2018 and 2019 until i found them.,{},2026-09-28T09:10:55.091717
5be90091-d585-49e5-bba2-bd21aee5d269,reddit,anonymous_user,2026-09-28T00:00:00,,"Ugh just adding my similar experience. I used to brag all the time about how I could type in basically anything and it would find me pictures of it. The last many times I've tried to do this though, I'll get few/no results until I really mess with the search query or just try and find it by date, and in the best case searches still don't work as well as they used to.    One possible factor is I notice it returns no results when certain words are in the query. I have a photo with the comment ""Me with a fat face at work."" Searching that exact comment returns no results, but if I remove the word fat, the one with the comment + a dozen more.  But yeah it's also generally worse. Typing in motorcycle only returns maybe 40% of the photos I have of motorcycles. It used to be more like 90%+",{},2026-09-28T09:10:55.091717
af9db583-77c2-4538-af78-7de52852f928,reddit,anonymous_user,2026-09-28T00:00:00,,"It's still shit today in 2025, I have images from a thermal camera that I use to find easily with ""thermique"" (french for thermal), now it finds nothing, I have to search in english.    And you can't see the results in chronological order, it's either ""best results"" which mix everything or ""most recent"" which doesn't have anything you're looking for...",{},2026-09-28T09:10:55.091717
0ee01f7f-d030-46d8-9f0e-55c628fa388b,reddit,anonymous_user,2026-09-28T00:00:00,,"Awful!! Yesterday I thought maybe they were trying to push people to Gemini and I saw there is now the choice to use Gemini AI search within photos so I turned it on... Same lousy results as the regular search. I had also noticed it is no longer recognizing new faces. My friends and family who I have added the name info too previously still work but we had a new grandchild born last month and Google photos will not find her picture by searching her face. I added a name to one picture and created an album with two photos. The picture I added her name to does show up in Collections with all the other people but if I click on it Google Photos just finds the 2 pictures in the album I created not the dozens of other. Very frustrated with this horrendous downgrade. I knew they had dialed face search way back in Chrome, but within my own photos??? Give me a break!",{},2026-09-28T09:10:55.091717
b89635b9-3cfe-45f9-bda1-325d56500bb7,reddit,anonymous_user,2026-09-28T00:00:00,,"I searched for ""green"" and got ""no results found"". I have SO MANY photos of trees, grass, rice paddies, mountains, even green water.    How can google search AI not know how to find the colour green?",{},2026-09-28T09:10:55.091717
81da14bb-6366-4cd0-b4ea-52cd2ff18705,reddit,anonymous_user,2026-09-28T00:00:00,,"Some specific search results from my collection:    Temple. I have been to Vietnam, Thailand, Phillipines, and even in my homeland Australia to take many many photos of temples. So thankfully, it came up with (an unknown quantity, but) a lot of results.  Including: - a train, a lake, a roundabout with colourful statue, a fishtank in a restaurant, two kids playing kickball, three photos on the deck of a ship in Ha Long Bay, some cave photos, some scenic Ha Long Bay photos with mountains and water, a massive waterfall, Cu Chi Tunnels, scenic photos of mountain on Ha Giang Loop, martial arts training, some more caves, a glass bridge, a courtyard, and finally, a few temples and several buddha photos.  About 15% success rate there, and definitely less than 15% of my actual temple photos. Or Buddha photos.  Waterfall. Close to 100% success.  Green. No results found. Red, about 75% success (but some yellow results in there, some blue, and a lot of black).  Most colours get *something*, but not perfect.  Lines. About 7 have visible lines. So perhaps 10% of the results. In my thousands of photos, there are hundreds that could have been found.  Reflection. A few false hits with dolphins, underwater and cave photos, but actually surprisingly successful.  Panorama. About 5% are not panoramic!  Fence. Pretty close to 100% and a huge selection.  Dog. Only 28 photos, including a menu at a restaurant. Ironically, it found ""dog on the tuckerbox"" photo. Missed about 40 actual photos of dogs. It included two photos of jackals (I can let that slide) and two blurry photos of dogs I can hardly recognise myself.  Cat. Brings up a lot of my old cat photos, but also includes: A scooter rental shop, Cat Ba Wharf (almost excusable), a Chinese shop full of pumps and water bottles, *one* monkey photo, and me at a meet and greet with Peavy Wagner (heavy metal bass guitarist / singer / founding band member).  Didn't bring up any of my lion, tiger, jaguar, leopard photos, etc.  All in all, pretty crap results except for ""fence"" and ""reflection"". And ""waterfall"".",{},2026-09-28T09:10:55.091717
9863dad5-25a0-409e-93fc-1db0ef1845ba,reddit,anonymous_user,2026-09-28T00:00:00,,"I searched ""vicious"". 191 results, including:    Me in pyjamas  Black and white photo of my mother when she was young  several boardgame photos (just the box, not actually anyone playing them!)  me posing against an ocean view  me with my girlfriend  many party photos  a banana that looks like a penis  me in a tophat!  And many many photos of my heavy metal albums, posters, artwork, and a couple concert photos. (Interestingly enough, only a FEW of the many concert photos I have..)",{},2026-09-28T09:10:55.091717
5e0c32a5-011e-4695-8091-e4917f812cb4,reddit,anonymous_user,2026-09-28T00:00:00,,"One thing I noticed is they started changing the default results. Whatever I search I now have most recent and most relevant and I feel like changing the toggles will get me the picture I want for me. It defaults to most relevant, but I find that most recent is better for me since I can scroll down to approximately when I know the picture was taken and find it",{},2026-09-28T09:10:55.091717
1aaf3054-5875-420d-a5fb-0d3304d5ecbd,reddit,anonymous_user,2026-09-28T00:00:00,,How to find photos in Google Photo that are not in an album?    Troubleshooting ⚠️  I’m using Google Photo as an image library for my company images. My database is large. I want to have all my images in a certain albums. I cannot find a way to check if images that are not in an album. Does anyone know how you can filter these images?,{},2026-09-28T09:10:55.091717
5d9dea4c-4b22-4c68-b679-d34ae3fadaeb,reddit,anonymous_user,2026-09-28T00:00:00,,"dear lord please tell me there is a way to go back to the old photo search    I can't believe how good google is at taking something perfectly useful and making it an absolute masterclass in worthless inconvenience  I used to be able to type something like ""I love being a man"" (weird example but it's text in a meme i knew i had saved and was trying to find) and it would instantly gather every photo i had that contained those words. Absolutely amazing technology to me and extremely useful",{},2026-09-28T09:10:55.091717
aa9f5340-06ce-4640-a7be-0228662b54e2,reddit,anonymous_user,2026-09-28T00:00:00,,"you don’t need to speak to it so directly now. let’s say i forget what year a photo of my friend and i is from but remember something random about it like a red car in the background. beforehand i would have had to type in picture of me and drew. worked great, agreed. now you can say something as generic as two people with red car and it finds it.    i think its more or less easier for me because i utilize gemini so much throughout my day that i feel comfortable with it in use cases like photo search.",{},2026-09-28T09:10:55.091717
edebfe3a-6e38-43d6-bae4-0af849bb6ff1,reddit,anonymous_user,2026-09-28T00:00:00,,"Why did they ruin Google photos search???    Troubleshooting ⚠️  Just last week, Google Photos search was awesome. Need a pic of passport? Just type ""Passport"". Forgot your Known Traveler Number? Search ""Global Entry Card"". Now I search any of the above and it shows be thousands of photos with absolutely no relevance. What happened?",{},2026-09-28T09:10:55.091717
bec8dc70-a4bc-480c-970b-2628fec58289,reddit,anonymous_user,2026-09-28T00:00:00,,"Thank you for posting this.    This has to be the worst BS design implementation so far. I used to be able to type the name of a place or product and get accurate results of anything taken at location or even a photo with the product words or place in the name.  Now it's ""best match"" (hardly) or ""most recent"" (entirely unrelated photos).  So they're just removing the ability to sift through the photo results as previous...?  Please send feedback, this is terrible  Upvote  60  Downvote  Reply  Award  Share  xlerate  •  2y ago  •  Edited 2y ago  I don't think it's just documents, search for words used to show both those object or descriptions as well as photos with that word in it (ie: tropical would show an island and products or things with the word tropical).",{},2026-09-28T09:10:55.091717
7f6f9242-4a94-476d-8e11-da42c52880b4,reddit,anonymous_user,2026-09-28T00:00:00,,I get the opposite. I type a word I get no results. Even if I have an album with the same name. I used to be able to type “me climbing a mountain” and it would find it. It couldn’t even find “me holding a snake” So it can no longer do specific searches OR general searches! I searched for monkey. No results. I have visited Monkey Island for crying out loud!,{},2026-09-28T09:10:55.091717
3409a808-ced6-4a0a-8ee4-f52b4a26bebb,reddit,anonymous_user,2026-09-28T00:00:00,,"Same issues with me, i would make up nonsense tags to make things easier to find. For example i would look at progress from different points, instead of typing ""sunset"" i would say ""setsun"" and somehow now my nonsense codes are pulling hundreds of (unrelated) pictures as well.",{},2026-09-28T09:10:55.091717
4992991e-f1bc-4e1a-9105-eeca9ea7eb74,reddit,anonymous_user,2026-09-28T00:00:00,,"I used to routinely search for city or geographic area ( I travel for work) it started returning trash search results that somehow feature something in the photo. A search for Pennsylvania would return pictures taken in Pennsylvania, now they will be random photos with Pennsylvania in the background, or the word on a page.",{},2026-09-28T09:10:55.091717
2b3d252a-555a-4dfa-b6de-b65fe64da9b4,reddit,anonymous_user,2026-09-28T00:00:00,,"I keep hoping it will get better, but now I think it's gotten even worse. Used to be I could type in  a search term and it would pull every pic and video I had with that item in it, and many that I didn't even realize were connected (like a search for my son which showed a picture of a kitchen because there was a tiny magnet with his picture on the fridge). Then this best match/recent nonsense started, and best match was usually worst match, but recent generally worked. Now nothing works. Today I was searching for a specific photo I had of a groundhog in a bucket after I fished him out of my pool. Old Photos labeled it as a dog, but to be fair a wet groundhog kind of looks like a wet dog. So I searched for groundhog with no luck. I tried dog, and it returned a total of five photos. One was a dog. Two were stuffed animals (none of which were dogs). One was a pen of pigs, and one was my niece doing a cartwheel. I have dozens of dog photos and it only found a single one.  Search for ""deer"" used to give me hundreds of photos and videos. Now it's just videos, and never what I'm actually looking for.  I ued to be  able to find any picture in a matter of seconds, and ally iPhone using friends and family were in awe. Now it's just pathetic, and I need to find something to replace it. Open to suggestions.",{},2026-09-28T09:10:55.091717
74d6a8a8-1de4-4242-b9dd-7631788e03ce,reddit,anonymous_user,2026-09-28T00:00:00,,"The Google photos search engine for the app has become complete and utter trash!!! Want to find a photo from just a couple or even a few years back? Good luck with scrolling through thousands upon thousands of photos just to find the one that you wanted to find. I'll use a mere example:    Another user has mentioned if I type something for example like ""tattoos"" or ""social media from 2019"" then it'll show all posts from this year(2025) as the ""most recent"" photos taken and nothing from those years. It'll start showing me all of the recent photos/screenshots I have taken in the order that it was stored onto my phone's micro SD card and pertains nothing to what I typed into the search engine.  I'll admit that I can find some pictures through ""best match"" but it's nowhere near as easy as it was finding them on this app a few years ago. If I didn't have my Photos backed up all the way from 2016 and even some pics from 2009-2012 from previous devices then I probably would have unsubscribed years ago. I've gotten to the point to where this app has become so frustrating that if I really wanted to retrieve a photo to look at then I've started writing down the actual date that the photo or video was taken and from there I log it onto my notepad app that way Google doesn't lose the photo/video in the sea of clutter.  At this point it'd seem better off to just buy a couple of 2TB Micro SD cards to store everything onto rather than using this useless piece of garbage of an app. I feel like I'm becoming looney or paranoid but I think with some photos it's been starting to unfavorite some of the photos that I've taken too. Maybe I'm not getting enough sleep when scrolling through past photos but I can't be the only one noticing this as well.  Absolutely sick and tired of wasting hours upon hours of my days off looking for photos that I wanted to look at only to end up not finding them. We all pay so much money for storage and this thing can't even perform properly. If I had more storage on my old PC at my mom's home I'd probably just go back to the olden days of just storing the pictures onto the folders and then backing it up with the big hard drive. Never had any problems finding what I needed by doing it that way in the late 2000s/early to mid-2010s!!!",{},2026-09-28T09:10:55.091717
07c3f3b9-19a0-4670-b408-ab1af21b5a9d,reddit,anonymous_user,2026-09-28T00:00:00,,"Going through 14 years of photos looking for...    Well, bath/beach type pictures. Like many parents, I have photos of my daughter's first bath, beach and other similar, like painting in the bathroom. Wonderful memories. Now I'm screen shotting them and then deleting. My eyes hurt from scrolling the thousands of photos for ""flesh"". I just wanted to put this one here. Anything else I could be on the look out for?",{},2026-09-28T09:10:55.091717
f6fe453b-671e-4f5e-be75-9339c67a74f1,reddit,anonymous_user,2026-09-28T00:00:00,,Search for photos by file type within a folder/album    Is it possible to do this? Like if I want to see all .mov files contained in a specific album,{},2026-09-28T09:10:55.091717
0dda5935-c9f7-4723-879c-eec72fd854fd,youtube,@ShakeelKhan-ik9br,2026-09-27T23:25:50,0DD5lzL-guE,Muje gali dene ka man karra hai du kya,"{""video_id"": ""0DD5lzL-guE"", ""video_title"": ""How to recover old photos from gmail account I Recover photos from gmail account | google photos"", ""like_count"": 0}",2026-09-28T09:20:55.038535
8a23e4fd-c31b-4136-af24-dc1b9d4d9f52,youtube,@RajendraViswkrma-q2i6j,2026-09-27T16:06:02,0DD5lzL-guE,Bhai mene 1 rupees bhi kar diya ye sab gand marne ka dhnda hai,"{""video_id"": ""0DD5lzL-guE"", ""video_title"": ""How to recover old photos from gmail account I Recover photos from gmail account | google photos"", ""like_count"": 0}",2026-09-28T09:20:55.038535
42d5f155-492f-4861-a309-9b1c18894adc,youtube,@abdulwahidansari2421,2026-09-27T13:52:59,0DD5lzL-guE,Bewakoof bana rha,"{""video_id"": ""0DD5lzL-guE"", ""video_title"": ""How to recover old photos from gmail account I Recover photos from gmail account | google photos"", ""like_count"": 0}",2026-09-28T09:20:55.038535
60c7a9b7-fd2f-4cc9-9d1f-43d5a4185953,youtube,@reenajha9058,2026-09-26T16:51:30,0DD5lzL-guE,Network using limit Hai vah hamen pagal banaa,"{""video_id"": ""0DD5lzL-guE"", ""video_title"": ""How to recover old photos from gmail account I Recover photos from gmail account | google photos"", ""like_count"": 0}",2026-09-28T09:20:55.038535
57eb8d60-760b-4040-80ec-2c0e6d125693,youtube,@salonisingh1111,2026-09-26T14:37:07,0DD5lzL-guE,Nhi ayi,"{""video_id"": ""0DD5lzL-guE"", ""video_title"": ""How to recover old photos from gmail account I Recover photos from gmail account | google photos"", ""like_count"": 0}",2026-09-28T09:20:55.038535
fa569d9e-98e6-4949-9451-60e186134fc5,youtube,@Manojkumarfastvlogs,2026-09-19T17:02:01,0DD5lzL-guE,Thank s bhai,"{""video_id"": ""0DD5lzL-guE"", ""video_title"": ""How to recover old photos from gmail account I Recover photos from gmail account | google photos"", ""like_count"": 0}",2026-09-28T09:20:55.038535
58dd1d36-dcc8-49c4-941b-2e1237ec1c36,youtube,@SonuMandal-l2t8e,2026-09-18T20:09:10,0DD5lzL-guE,Land,"{""video_id"": ""0DD5lzL-guE"", ""video_title"": ""How to recover old photos from gmail account I Recover photos from gmail account | google photos"", ""like_count"": 0}",2026-09-28T09:20:55.038535
a7d09b6a-b27e-4478-ab3f-6b331fa9c142,youtube,@ADITYAVOGGERBOY,2026-09-14T08:42:33,0DD5lzL-guE,Wow Very nice,"{""video_id"": ""0DD5lzL-guE"", ""video_title"": ""How to recover old photos from gmail account I Recover photos from gmail account | google photos"", ""like_count"": 0}",2026-09-28T09:20:55.038535
59bd0976-7df8-47b6-8766-43c563d058e1,youtube,@Navya-p9k,2026-09-14T05:59:36,0DD5lzL-guE,थैंक यू भाई मेरी तो जान ही निकल गई थी उसे सेकंड के लिए 5 साल की फोटो मेरी डिलीट हो गई थी सब आपकी वजह से वापस आ गई धन्यवाद,"{""video_id"": ""0DD5lzL-guE"", ""video_title"": ""How to recover old photos from gmail account I Recover photos from gmail account | google photos"", ""like_count"": 0}",2026-09-28T09:20:55.038535
5f1fd5e2-07e8-48f4-a5ec-ba4c94c16885,youtube,@tazza_khabar_9161,2026-09-12T13:28:11,0DD5lzL-guE,नहीं होता,"{""video_id"": ""0DD5lzL-guE"", ""video_title"": ""How to recover old photos from gmail account I Recover photos from gmail account | google photos"", ""like_count"": 0}",2026-09-28T09:20:55.038535
a4d60042-1c87-410a-a580-03a484049127,youtube,@dhirajthakurop,2026-09-09T20:38:00,0DD5lzL-guE,Photo recover nai hote हे,"{""video_id"": ""0DD5lzL-guE"", ""video_title"": ""How to recover old photos from gmail account I Recover photos from gmail account | google photos"", ""like_count"": 0}",2026-09-28T09:20:55.038535
6b753a4b-7f17-49f4-8f1e-f8939b988479,youtube,@Saimaparween-g4d,2026-09-08T14:07:56,0DD5lzL-guE,Bro photo kab recove hoga,"{""video_id"": ""0DD5lzL-guE"", ""video_title"": ""How to recover old photos from gmail account I Recover photos from gmail account | google photos"", ""like_count"": 0}",2026-09-28T09:20:55.038535
8c76f68e-04cd-4533-b81b-c5fcfd6d05f8,youtube,@SanatanSuran,2026-09-08T09:52:50,0DD5lzL-guE,❤❤❤❤❤❤❤❤❤❤❤😊😊😊😊😊😊😊😊😊😊,"{""video_id"": ""0DD5lzL-guE"", ""video_title"": ""How to recover old photos from gmail account I Recover photos from gmail account | google photos"", ""like_count"": 0}",2026-09-28T09:20:55.038535
0d19b4ee-479a-4cca-8f30-59904fb7fdaf,youtube,@SantoshKumar-uy8rk,2026-09-08T03:05:21,0DD5lzL-guE,Bahut bahut dhanyawad 🎉❤,"{""video_id"": ""0DD5lzL-guE"", ""video_title"": ""How to recover old photos from gmail account I Recover photos from gmail account | google photos"", ""like_count"": 0}",2026-09-28T09:20:55.038535
628f2ffc-5057-4a53-bdcd-77d4b7301ce3,youtube,@asheeshdubey3236,2026-09-06T16:52:56,0DD5lzL-guE,Nahi ho rahi,"{""video_id"": ""0DD5lzL-guE"", ""video_title"": ""How to recover old photos from gmail account I Recover photos from gmail account | google photos"", ""like_count"": 0}",2026-09-28T09:20:55.038535
ef15e380-8b17-4ca7-8bd9-03b202309afd,youtube,@manishshiyal5779,2026-09-06T15:10:00,0DD5lzL-guE,Love you love you love you so much bro sari fhoto aa gayi😊😊😊,"{""video_id"": ""0DD5lzL-guE"", ""video_title"": ""How to recover old photos from gmail account I Recover photos from gmail account | google photos"", ""like_count"": 0}",2026-09-28T09:20:55.038535
801e156f-a317-4262-9bf5-4c3aff72b587,youtube,@miss_mid_knight,2026-09-06T09:29:49,0DD5lzL-guE,Dogla sala 👿,"{""video_id"": ""0DD5lzL-guE"", ""video_title"": ""How to recover old photos from gmail account I Recover photos from gmail account | google photos"", ""like_count"": 0}",2026-09-28T09:20:55.038535
1e11db50-e09c-4bc2-b27a-34f5955ad47d,youtube,@SuivdyalKumar,2026-09-06T09:24:06,0DD5lzL-guE,Thank you so much ❤❤❤❤,"{""video_id"": ""0DD5lzL-guE"", ""video_title"": ""How to recover old photos from gmail account I Recover photos from gmail account | google photos"", ""like_count"": 1}",2026-09-28T09:20:55.038535
97abab00-fbfa-4ae1-88d2-dbc1d19ef6ce,youtube,@HafizNadirusmani,2026-09-05T16:21:43,0DD5lzL-guE,Big fan sir apka photo dekh ke dewana ho gai,"{""video_id"": ""0DD5lzL-guE"", ""video_title"": ""How to recover old photos from gmail account I Recover photos from gmail account | google photos"", ""like_count"": 0}",2026-09-28T09:20:55.038535
2fbb0d29-2455-4c7f-bbb9-18e7ece9e485,youtube,@AliHaider-x7d9f,2026-09-27T07:05:28,DGffLEhxLT8,Bakwas Kuch nahi hua,"{""video_id"": ""DGffLEhxLT8"", ""video_title"": ""How To Recover Deleted Google Photos #ytshorts #recoverdeletedphoto #googlephotos"", ""like_count"": 0}",2026-09-28T09:20:55.038535
2282dc02-304c-4915-8ee5-e42ebb16e48c,youtube,@sandippatra-u3g,2026-09-24T14:28:39,DGffLEhxLT8,Baler vidio,"{""video_id"": ""DGffLEhxLT8"", ""video_title"": ""How To Recover Deleted Google Photos #ytshorts #recoverdeletedphoto #googlephotos"", ""like_count"": 0}",2026-09-28T09:20:55.038535
da961390-707a-4c80-9491-bea2f9a4285d,youtube,@ChandadeviPaswan-v4j,2026-09-23T08:43:50,DGffLEhxLT8,Bhaiya lock floder se photo delete hogya,"{""video_id"": ""DGffLEhxLT8"", ""video_title"": ""How To Recover Deleted Google Photos #ytshorts #recoverdeletedphoto #googlephotos"", ""like_count"": 0}",2026-09-28T09:20:55.038535
a9c159dd-241d-42a1-aa39-63b00fd7eb56,youtube,@sidrahansari5706,2026-09-20T10:40:12,DGffLEhxLT8,Is it safe or not?,"{""video_id"": ""DGffLEhxLT8"", ""video_title"": ""How To Recover Deleted Google Photos #ytshorts #recoverdeletedphoto #googlephotos"", ""like_count"": 0}",2026-09-28T09:20:55.038535
b6983b71-580e-44d5-a426-2c2654085ca7,youtube,@NilimaBaksare-ch9kt,2026-09-19T19:05:49,DGffLEhxLT8,Jhuth h ye 😢😢,"{""video_id"": ""DGffLEhxLT8"", ""video_title"": ""How To Recover Deleted Google Photos #ytshorts #recoverdeletedphoto #googlephotos"", ""like_count"": 0}",2026-09-28T09:20:55.038535
33a608c1-50f7-40cf-949b-b948b82425a5,youtube,@iam.arpita15,2026-09-10T11:58:54,DGffLEhxLT8,Nhi aya bhai 😢😢,"{""video_id"": ""DGffLEhxLT8"", ""video_title"": ""How To Recover Deleted Google Photos #ytshorts #recoverdeletedphoto #googlephotos"", ""like_count"": 0}",2026-09-28T09:20:55.038535
f00f085d-aa0a-4ebd-804a-f27399a4c5bf,youtube,@AmritaSen-oo6us,2026-09-07T09:53:55,DGffLEhxLT8,Nhi aai bhai,"{""video_id"": ""DGffLEhxLT8"", ""video_title"": ""How To Recover Deleted Google Photos #ytshorts #recoverdeletedphoto #googlephotos"", ""like_count"": 0}",2026-09-28T09:20:55.038535
035be138-f15c-4eba-9919-48cfbf1b3c08,youtube,@zhadesantosh7128,2026-09-05T02:33:18,DGffLEhxLT8,Vo backup photos he 😢 ek bar Jo dlt huve to tum marneke bad bhi wapas nahi la sakte,"{""video_id"": ""DGffLEhxLT8"", ""video_title"": ""How To Recover Deleted Google Photos #ytshorts #recoverdeletedphoto #googlephotos"", ""like_count"": 0}",2026-09-28T09:20:55.038535
2c4f0632-5bde-4f5b-9b20-ab7c8ac6cfc0,youtube,@SERENA-786,2026-09-04T09:17:07,DGffLEhxLT8,Not working,"{""video_id"": ""DGffLEhxLT8"", ""video_title"": ""How To Recover Deleted Google Photos #ytshorts #recoverdeletedphoto #googlephotos"", ""like_count"": 0}",2026-09-28T09:20:55.038535
1763aa4c-8bb4-4d44-8cbd-210a9889ad2e,youtube,@itsboy6666,2026-08-31T16:45:10,DGffLEhxLT8,Nhi aye bhai,"{""video_id"": ""DGffLEhxLT8"", ""video_title"": ""How To Recover Deleted Google Photos #ytshorts #recoverdeletedphoto #googlephotos"", ""like_count"": 0}",2026-09-28T09:20:55.038535
89798732-7210-48d5-a192-2d2140971a10,youtube,@Roblox_lover_girlll,2026-08-27T00:17:59,DGffLEhxLT8,Fake,"{""video_id"": ""DGffLEhxLT8"", ""video_title"": ""How To Recover Deleted Google Photos #ytshorts #recoverdeletedphoto #googlephotos"", ""like_count"": 0}",2026-09-28T09:20:55.038535
eab7803b-64b0-4a10-a588-6b757c28b64a,youtube,@Vicky_mohanpur_,2026-08-26T17:49:11,DGffLEhxLT8,Sahi me aa gya bhai,"{""video_id"": ""DGffLEhxLT8"", ""video_title"": ""How To Recover Deleted Google Photos #ytshorts #recoverdeletedphoto #googlephotos"", ""like_count"": 0}",2026-09-28T09:20:55.038535
b1639a7f-9bf0-4bff-bed9-77e9d03e82a5,youtube,@SudhaKumari-d7y8u,2026-08-26T01:20:36,DGffLEhxLT8,Nhi hua,"{""video_id"": ""DGffLEhxLT8"", ""video_title"": ""How To Recover Deleted Google Photos #ytshorts #recoverdeletedphoto #googlephotos"", ""like_count"": 0}",2026-09-28T09:20:55.038535
e6e17f6d-2a91-46c2-8a4a-3cab512fadbc,youtube,@RadhakrishnanN-w3i1y,2026-08-25T05:30:38,DGffLEhxLT8,No😢,"{""video_id"": ""DGffLEhxLT8"", ""video_title"": ""How To Recover Deleted Google Photos #ytshorts #recoverdeletedphoto #googlephotos"", ""like_count"": 0}",2026-09-28T09:20:55.038535
2c6a734e-a797-4742-9262-1b2138600437,youtube,@deep_five_o,2026-08-22T13:14:43,DGffLEhxLT8,Jhut vhi aa rhe h jo phone m h,"{""video_id"": ""DGffLEhxLT8"", ""video_title"": ""How To Recover Deleted Google Photos #ytshorts #recoverdeletedphoto #googlephotos"", ""like_count"": 0}",2026-09-28T09:20:55.038535
aecbd79c-b5c1-4a4c-b760-bfc420a9e9d9,youtube,@AbhishekN-g9z,2026-08-21T08:44:07,DGffLEhxLT8,Fake,"{""video_id"": ""DGffLEhxLT8"", ""video_title"": ""How To Recover Deleted Google Photos #ytshorts #recoverdeletedphoto #googlephotos"", ""like_count"": 0}",2026-09-28T09:20:55.038535
609f981a-7b90-4cf2-9fa1-c7de6a1a352d,youtube,@UjjalSarkar-k8e,2026-08-18T15:02:22,DGffLEhxLT8,Thank you bro,"{""video_id"": ""DGffLEhxLT8"", ""video_title"": ""How To Recover Deleted Google Photos #ytshorts #recoverdeletedphoto #googlephotos"", ""like_count"": 0}",2026-09-28T09:20:55.038535
5f0a4e47-9182-4e3e-9fbb-639bbd36c9f9,youtube,@mamtaprajapati867,2026-08-17T08:23:24,DGffLEhxLT8,Kaha ho raha hai,"{""video_id"": ""DGffLEhxLT8"", ""video_title"": ""How To Recover Deleted Google Photos #ytshorts #recoverdeletedphoto #googlephotos"", ""like_count"": 0}",2026-09-28T09:20:55.038535
bfd01f90-69b8-4175-9819-35adb6acaa77,youtube,@PuspalataBehera-v9f7r,2026-08-16T15:14:23,DGffLEhxLT8,Thnx,"{""video_id"": ""DGffLEhxLT8"", ""video_title"": ""How To Recover Deleted Google Photos #ytshorts #recoverdeletedphoto #googlephotos"", ""like_count"": 0}",2026-09-28T09:20:55.038535
87d13111-dbe8-4ef0-aea6-b9aa00894852,youtube,@rajatgupta7302,2026-08-15T11:29:23,DGffLEhxLT8,But ye to collage ban ke a rhe h,"{""video_id"": ""DGffLEhxLT8"", ""video_title"": ""How To Recover Deleted Google Photos #ytshorts #recoverdeletedphoto #googlephotos"", ""like_count"": 0}",2026-09-28T09:20:55.038535
4668e081-6f1c-4882-aa04-bad63dbad585,youtube,@jptechnews,2026-06-08T15:58:52,ChJ2XkoKqoM,"❤️ If you enjoyed this video, don't forget to follow my Facebook Page:-https://www.facebook.com/pradipbiswas123/","{""video_id"": ""ChJ2XkoKqoM"", ""video_title"": ""How to recover old photos from gmail account | Recover photos from gmail account"", ""like_count"": 2}",2026-09-28T09:20:55.038535
0e8ad49a-a2b0-4581-beef-0a52df7cc483,youtube,@MAKhan5701,2026-09-14T08:44:01,ChJ2XkoKqoM,Video Ko Like Bhi Kartu Aur Hua Toh Subscribe Bhi Kar Saktu When i find my pictures jo kahin na kahin toh honge.,"{""video_id"": ""ChJ2XkoKqoM"", ""video_title"": ""How to recover old photos from gmail account | Recover photos from gmail account"", ""like_count"": 0}",2026-09-28T09:20:55.038535
2fd398a3-6a7d-46b5-9511-7dfc4930cb55,youtube,@JaamSaqiSangrasi150,2026-09-02T11:50:28,ChJ2XkoKqoM,Thanks,"{""video_id"": ""ChJ2XkoKqoM"", ""video_title"": ""How to recover old photos from gmail account | Recover photos from gmail account"", ""like_count"": 0}",2026-09-28T09:20:55.038535
548fcea9-f41b-40f4-af2e-fb7da4a1116a,youtube,@railatafheem5605,2026-08-21T21:03:56,ChJ2XkoKqoM,help me to get back my 5 years photos,"{""video_id"": ""ChJ2XkoKqoM"", ""video_title"": ""How to recover old photos from gmail account | Recover photos from gmail account"", ""like_count"": 0}",2026-09-28T09:20:55.038535
3e6c9021-101a-4ed0-ba48-e4355e1993c7,youtube,@Cutebunni_0,2026-08-19T06:08:53,ChJ2XkoKqoM,So this is how my ex got pictures of me which I already deleted em but found em.,"{""video_id"": ""ChJ2XkoKqoM"", ""video_title"": ""How to recover old photos from gmail account | Recover photos from gmail account"", ""like_count"": 0}",2026-09-28T09:20:55.038535
49940386-bc2b-4820-aae1-e0b1a36ef812,youtube,@HimanishDevilYT,2026-08-18T06:23:24,ChJ2XkoKqoM,Bro You are God 🎉🎉,"{""video_id"": ""ChJ2XkoKqoM"", ""video_title"": ""How to recover old photos from gmail account | Recover photos from gmail account"", ""like_count"": 0}",2026-09-28T09:20:55.038535
61f4e6a5-a1e5-42c9-a20d-1824f95210bc,youtube,@NYCTOPHILE-l1r,2026-08-07T16:48:05,ChJ2XkoKqoM,Sir contects to agaye but photos and videos nhi arahy please help,"{""video_id"": ""ChJ2XkoKqoM"", ""video_title"": ""How to recover old photos from gmail account | Recover photos from gmail account"", ""like_count"": 0}",2026-09-28T09:20:55.038535
bd05443d-29b6-467f-9fbc-ad91e72e3ec2,youtube,@touseefbashir7721,2026-07-23T10:38:07,ChJ2XkoKqoM,2016 ki pic recover ho sktin kiyaa es trick s gmail same hai phone change hoe hain lakin,"{""video_id"": ""ChJ2XkoKqoM"", ""video_title"": ""How to recover old photos from gmail account | Recover photos from gmail account"", ""like_count"": 0}",2026-09-28T09:20:55.038535
d2017416-abb6-467b-a1d4-74303c5f001b,youtube,@MRMillatseikh,2026-06-26T13:48:11,ChJ2XkoKqoM,hello broWho want play my smp,"{""video_id"": ""ChJ2XkoKqoM"", ""video_title"": ""How to recover old photos from gmail account | Recover photos from gmail account"", ""like_count"": 0}",2026-09-28T09:20:55.038535
ebdaeb65-5015-449f-b759-dcdd46d9868a,youtube,@krgamer999,2026-06-24T16:48:45,ChJ2XkoKqoM,Love you bro aapki video ne mara kaam aasan kiya aapko bahut bahut shubhkamnaye,"{""video_id"": ""ChJ2XkoKqoM"", ""video_title"": ""How to recover old photos from gmail account | Recover photos from gmail account"", ""like_count"": 0}",2026-09-28T09:20:55.038535
3c7ce1d1-a9ae-4ca6-a4db-c0edb8dc2ad8,youtube,@NaimatAlishah-q2n,2026-06-20T11:21:46,ChJ2XkoKqoM,Bhai ye  jo option  hni na ye show nahi horaha hni data and privacy  me,"{""video_id"": ""ChJ2XkoKqoM"", ""video_title"": ""How to recover old photos from gmail account | Recover photos from gmail account"", ""like_count"": 0}",2026-09-28T09:20:55.038535
65c993b9-27df-4f53-a893-8e6f56922c12,youtube,@lavkushkumar4570,2026-05-29T15:11:47,ChJ2XkoKqoM,Nahi ho raha hai bhai,"{""video_id"": ""ChJ2XkoKqoM"", ""video_title"": ""How to recover old photos from gmail account | Recover photos from gmail account"", ""like_count"": 1}",2026-09-28T09:20:55.038535
c9d778b8-223e-4b11-a826-889468c5dab9,youtube,@ReshmaBegum-z2m,2026-05-18T11:44:07,ChJ2XkoKqoM,Photos ka option hi nai aaraha kya kare,"{""video_id"": ""ChJ2XkoKqoM"", ""video_title"": ""How to recover old photos from gmail account | Recover photos from gmail account"", ""like_count"": 1}",2026-09-28T09:20:55.038535
b6a0df4a-a8b2-4ae8-9d16-283711ffa29d,youtube,@Shubhi_official_Queen,2026-05-15T10:03:59,ChJ2XkoKqoM,Nhi Hua bhai 😢,"{""video_id"": ""ChJ2XkoKqoM"", ""video_title"": ""How to recover old photos from gmail account | Recover photos from gmail account"", ""like_count"": 0}",2026-09-28T09:20:55.038535
180a6d0b-5590-4d58-b1a6-b13299c41060,youtube,@AbhilashaPhukan-kb6ex,2026-05-14T06:51:20,ChJ2XkoKqoM,But if i delete it from recently delete..it doesn't show on google photos😢,"{""video_id"": ""ChJ2XkoKqoM"", ""video_title"": ""How to recover old photos from gmail account | Recover photos from gmail account"", ""like_count"": 0}",2026-09-28T09:20:55.038535
cf1d005d-2225-4682-9171-ca19a11e6e11,youtube,@nyan13-2,2026-05-05T02:51:25,ChJ2XkoKqoM,Messenger,"{""video_id"": ""ChJ2XkoKqoM"", ""video_title"": ""How to recover old photos from gmail account | Recover photos from gmail account"", ""like_count"": 0}",2026-09-28T09:20:55.038535
8194f58c-f78b-4258-ac5b-d4617502233d,youtube,@maheenmahi1332,2026-04-24T20:23:18,ChJ2XkoKqoM,Plz help me muje yaha sy b nh mili kuch pics,"{""video_id"": ""ChJ2XkoKqoM"", ""video_title"": ""How to recover old photos from gmail account | Recover photos from gmail account"", ""like_count"": 0}",2026-09-28T09:20:55.038535
01716364-2e7f-4e4b-bb19-faa718a93526,youtube,@SiyalKing-k4s5j,2026-04-22T16:00:37,ChJ2XkoKqoM,Transfer kasay karny,"{""video_id"": ""ChJ2XkoKqoM"", ""video_title"": ""How to recover old photos from gmail account | Recover photos from gmail account"", ""like_count"": 0}",2026-09-28T09:20:55.038535
f61fcfe1-ce48-4219-827b-c3d8564fa9af,youtube,@rahimadhoni9446,2026-04-18T13:15:32,ChJ2XkoKqoM,Thanks a lot bro❤❤❤😅,"{""video_id"": ""ChJ2XkoKqoM"", ""video_title"": ""How to recover old photos from gmail account | Recover photos from gmail account"", ""like_count"": 0}",2026-09-28T09:20:55.038535
c2a7e50f-094b-4c46-b7ee-72ab604e7236,youtube,@MahammadRafi-l8d,2026-04-17T11:29:17,ChJ2XkoKqoM,Apps and service me photos ja option hi nai hai mere phone me  Tho kaise karu download,"{""video_id"": ""ChJ2XkoKqoM"", ""video_title"": ""How to recover old photos from gmail account | Recover photos from gmail account"", ""like_count"": 0}",2026-09-28T09:20:55.038535
8a611377-d503-41ea-ad31-31e877ffe015,youtube,@QanitaSajid,2026-08-11T16:47:37,s0EaTbyWOSk,Mere ps nai Aya ?,"{""video_id"": ""s0EaTbyWOSk"", ""video_title"": ""How to recover old photos from gmail account I Deleted Photo Recover Trick | google photos\u200e"", ""like_count"": 0}",2026-09-28T09:20:55.038535
c54cacb6-d51b-40ce-b784-5bbbedd2eda0,youtube,@इत्तफाकसे,2026-07-24T18:04:48,s0EaTbyWOSk,Thank Bhai Mera old photo mil gya 😊😊,"{""video_id"": ""s0EaTbyWOSk"", ""video_title"": ""How to recover old photos from gmail account I Deleted Photo Recover Trick | google photos\u200e"", ""like_count"": 0}",2026-09-28T09:20:55.038535
537a01c6-381b-4b9b-88c7-80e13c2ec038,youtube,@AnmolPal-d9n,2026-07-19T01:20:39,s0EaTbyWOSk,Photo ya peh bhi nahi hai,"{""video_id"": ""s0EaTbyWOSk"", ""video_title"": ""How to recover old photos from gmail account I Deleted Photo Recover Trick | google photos\u200e"", ""like_count"": 1}",2026-09-28T09:20:55.038535
d87dc23f-005a-42af-8232-40e985427611,youtube,@RaushanKumar-f5b2f,2026-07-07T07:51:29,s0EaTbyWOSk,Nice 🎉🎉🎉🎉😂😂😂❤❤,"{""video_id"": ""s0EaTbyWOSk"", ""video_title"": ""How to recover old photos from gmail account I Deleted Photo Recover Trick | google photos\u200e"", ""like_count"": 0}",2026-09-28T09:20:55.038535
e32e02b1-dafb-4c3c-a351-684e99c5699f,youtube,@abirpaul3605,2026-04-07T03:43:37,s0EaTbyWOSk,ভাই এখান থেকে কি ভাবে নামবো,"{""video_id"": ""s0EaTbyWOSk"", ""video_title"": ""How to recover old photos from gmail account I Deleted Photo Recover Trick | google photos\u200e"", ""like_count"": 2}",2026-09-28T09:20:55.038535
8a688551-91c3-45ec-8563-6046413d3353,youtube,@Tractorjunctionup13,2026-09-26T07:24:55,b_SZ17UNTmg,Farji 😅,"{""video_id"": ""b_SZ17UNTmg"", ""video_title"": ""deleted photo recovery #shorts"", ""like_count"": 0}",2026-09-28T09:20:55.038535
ee5022e5-3f30-4fcb-9b9a-2cdc3f01881a,youtube,@ManishKumar-uz6no,2026-09-22T15:44:08,b_SZ17UNTmg,Nhi ata h to nahi banaye fake jankari nhi dijiye,"{""video_id"": ""b_SZ17UNTmg"", ""video_title"": ""deleted photo recovery #shorts"", ""like_count"": 0}",2026-09-28T09:20:55.038535
207cb3e8-c634-4509-9fbf-68c86a655b60,youtube,@ManishKumar-uz6no,2026-09-22T15:43:50,b_SZ17UNTmg,Fake video bana dete h kya sir,"{""video_id"": ""b_SZ17UNTmg"", ""video_title"": ""deleted photo recovery #shorts"", ""like_count"": 0}",2026-09-28T09:20:55.038535
971e7586-c0bd-4eff-9f0d-671a2f5bb264,youtube,@Sooryavanshi21,2026-09-14T21:35:35,b_SZ17UNTmg,False hai,"{""video_id"": ""b_SZ17UNTmg"", ""video_title"": ""deleted photo recovery #shorts"", ""like_count"": 0}",2026-09-28T09:20:55.038535
fcfb4a73-fda3-48c7-a95d-d2af56c22977,youtube,@TehreemEjaz-p1w,2026-09-14T17:15:12,b_SZ17UNTmg,Sach me bohaaaat informative video h thanks brother...,"{""video_id"": ""b_SZ17UNTmg"", ""video_title"": ""deleted photo recovery #shorts"", ""like_count"": 0}",2026-09-28T09:20:55.038535
2a6f4a0f-cf63-4218-a372-993156fa020b,youtube,@kittu13-p,2026-09-11T05:22:50,b_SZ17UNTmg,Bhai pehle khudka concept clear karle uske baad vedio banana. Yaar lagraha fir se or ek galary open hogeya,"{""video_id"": ""b_SZ17UNTmg"", ""video_title"": ""deleted photo recovery #shorts"", ""like_count"": 0}",2026-09-28T09:20:55.038535
6ad2f2e4-8c8b-4e93-bc5e-c5372df4b8ca,youtube,@Itzfahim10,2026-09-10T00:52:33,b_SZ17UNTmg,Tnq bro,"{""video_id"": ""b_SZ17UNTmg"", ""video_title"": ""deleted photo recovery #shorts"", ""like_count"": 0}",2026-09-28T09:20:55.038535
f1d80a7c-1d3a-48b9-98b6-18f0b6cf5823,youtube,@VinodKumar-n5h3q,2026-09-02T08:58:39,b_SZ17UNTmg,Thanks bro...,"{""video_id"": ""b_SZ17UNTmg"", ""video_title"": ""deleted photo recovery #shorts"", ""like_count"": 0}",2026-09-28T09:20:55.038535
a6c6cc78-8a26-4eba-9524-c1f3b66e60de,youtube,@ZahedaSompa-k7u,2026-09-01T15:25:43,b_SZ17UNTmg,Mei phone pe  toh nehi howa,"{""video_id"": ""b_SZ17UNTmg"", ""video_title"": ""deleted photo recovery #shorts"", ""like_count"": 0}",2026-09-28T09:20:55.038535
16d8c058-b680-42e1-978a-3b73b710c671,youtube,@altimate-x,2026-08-31T17:41:08,b_SZ17UNTmg,Not working 🤬,"{""video_id"": ""b_SZ17UNTmg"", ""video_title"": ""deleted photo recovery #shorts"", ""like_count"": 0}",2026-09-28T09:20:55.038535
e9f8a00b-ea2a-472e-be59-1f06049e3fd0,youtube,@Vansh_vr46,2026-08-30T14:08:48,b_SZ17UNTmg,Bhai kuch nhi aa rha h kch kch bs aa rh h baki nhi aa rha piz bhai batao,"{""video_id"": ""b_SZ17UNTmg"", ""video_title"": ""deleted photo recovery #shorts"", ""like_count"": 0}",2026-09-28T09:20:55.038535
d49f212c-c184-4740-ad78-910621ba2f02,youtube,@Dau.d_bagi,2026-08-30T12:16:05,b_SZ17UNTmg,Fake information,"{""video_id"": ""b_SZ17UNTmg"", ""video_title"": ""deleted photo recovery #shorts"", ""like_count"": 0}",2026-09-28T09:20:55.038535
b1e97bca-bf51-4988-b107-e5a4d8cac740,youtube,@medmindset00,2026-08-29T15:27:20,b_SZ17UNTmg,Kuch nhi ata,"{""video_id"": ""b_SZ17UNTmg"", ""video_title"": ""deleted photo recovery #shorts"", ""like_count"": 0}",2026-09-28T09:20:55.038535
7c672546-6209-46be-93a5-c221edcf93cb,youtube,@sonkaihaohaokip4921,2026-08-29T03:20:53,b_SZ17UNTmg,...,"{""video_id"": ""b_SZ17UNTmg"", ""video_title"": ""deleted photo recovery #shorts"", ""like_count"": 0}",2026-09-28T09:20:55.038535
ceee2bd4-6a14-44f7-b6a8-660b54a7b4ba,youtube,@QuraKholisa,2026-08-27T04:11:58,b_SZ17UNTmg,Good,"{""video_id"": ""b_SZ17UNTmg"", ""video_title"": ""deleted photo recovery #shorts"", ""like_count"": 0}",2026-09-28T09:20:55.038535
c84c2b31-9dba-4ee7-b758-c46b5d693ada,youtube,@K.__.Mohapatra,2026-08-22T05:48:06,b_SZ17UNTmg,Bhai udharese bhi delete hogya,"{""video_id"": ""b_SZ17UNTmg"", ""video_title"": ""deleted photo recovery #shorts"", ""like_count"": 0}",2026-09-28T09:20:55.038535
80bb078b-e743-46ea-a8c3-b29a1d8b6195,youtube,@gracybista9036,2026-08-22T05:45:13,b_SZ17UNTmg,This is faake,"{""video_id"": ""b_SZ17UNTmg"", ""video_title"": ""deleted photo recovery #shorts"", ""like_count"": 1}",2026-09-28T09:20:55.038535
a1cbbc53-a655-468a-af09-9f071e153542,youtube,@PatangBasantLover,2026-08-19T19:25:03,b_SZ17UNTmg,Jhoot,"{""video_id"": ""b_SZ17UNTmg"", ""video_title"": ""deleted photo recovery #shorts"", ""like_count"": 0}",2026-09-28T09:20:55.038535
e877085d-72ea-4d3a-8bad-7a87fc176254,youtube,@khokankhokan9548,2026-08-17T01:20:45,b_SZ17UNTmg,Fake video 😡😡,"{""video_id"": ""b_SZ17UNTmg"", ""video_title"": ""deleted photo recovery #shorts"", ""like_count"": 0}",2026-09-28T09:20:55.038535
ee15420c-e7a2-40da-946a-b423fefb490a,youtube,@AbenaoKayenpaibam,2026-08-14T03:38:36,b_SZ17UNTmg,Arehhh nahi horahee,"{""video_id"": ""b_SZ17UNTmg"", ""video_title"": ""deleted photo recovery #shorts"", ""like_count"": 0}",2026-09-28T09:20:55.038535
cee36a08-f7d7-4296-a1f8-a3e53091bef1,playstore,Jason Nelson,2026-09-27T10:21:52,c21a37d5-7ed6-4290-99be-08a8876aca5d,everything about Google photos is terrible. not only is the algorithm to detect faces awful it will randomly alter your history for recognized people and will offer you no recourse to change it. Google used to be awesome and then they were not,"{""rating"": 1, ""thumbs_up_count"": 0, ""review_created_version"": ""7.93.0.982110057"", ""reply_content"": ""Hi Jason. If you find a photo that\u2019s in the wrong group, you can take it out. If you remove an item from a group, it will not delete the photo or video from your Google Photos library. Learn more: goo.gle/48JiDzB. Also, feel free to share feedback with us here: goo.gle/3gaHLEz.""}",2026-09-28T09:24:43.994330
873173b7-199d-48ef-8050-8190b2e20e4b,playstore,BT Craig,2026-09-27T06:42:28,e170c506-439d-44cb-bffa-f313cf97f737,the new AI search is absolutely trash. way worse for putting a word in to find an old meme,"{""rating"": 1, ""thumbs_up_count"": 0, ""review_created_version"": ""7.93.0.982110057"", ""reply_content"": null}",2026-09-28T09:24:43.994330
e746aea5-27cd-4fbd-8aae-bd75cd078bc3,playstore,lollipop tunes,2026-09-27T05:03:48,83dcf068-b2b8-4986-8a4d-1a4e4a0abd1d,way better than other photo apps as it has many features and ai searches on it and helpful wow I recommend this app way more than others,"{""rating"": 5, ""thumbs_up_count"": 4, ""review_created_version"": ""7.86.0.956040398"", ""reply_content"": null}",2026-09-28T09:24:43.994330
b7c313b3-39a5-4ab8-b25d-297d42fefb18,playstore,Gabriela Ortega,2026-09-27T01:59:24,c13ba9ae-6a65-471d-a76c-f118a9ac8b3e,"I tried to search ""February"" than putting up what I searched, it logs me out, update app, see your wardrobe, then logs me out. saying Google photos keeps stopping ;) WELL I THINK ITS WINKIN LIKE THAT, RIGHT? sorry for yelling ~","{""rating"": 1, ""thumbs_up_count"": 0, ""review_created_version"": ""7.82.0.937646388"", ""reply_content"": ""Hi Gabriela. We\u2019re sorry your experience has been frustrating. To fix crashes, please ensure you're on the latest app version and have enough device storage. You can also try clearing the app's cache in settings and restarting your phone. If a crash report pops up when reopening, please send it to us to help our team investigate. Hope this helps!""}",2026-09-28T09:24:43.994330
c3e535b2-4251-4049-bccf-b90c1cfe23f8,playstore,L M,2026-09-27T00:39:00,ef1a44ba-1868-4bfb-809e-001e6f23d756,since yesterday many photos can't be edited nor shared on social media. sometimes I can't even find them.....terrible. was fine a few days ago but now definitely not working properly,"{""rating"": 1, ""thumbs_up_count"": 1, ""review_created_version"": ""7.93.0.982110057"", ""reply_content"": ""Hi there. Thanks for flagging that the Share and Delete buttons aren't responding after saving an edit. The Google Photos team is working on rolling out a fix ASAP! For now, try these 2 workarounds: 1) Tap \""Save as copy\"" when saving new edits, and 2) Visit photos.google.com to delete or share already-edited photos.""}",2026-09-28T09:24:43.994330
414a9cab-ad76-49a4-ab3c-5f199f52400a,playstore,Alison Steadman,2026-09-26T23:36:29,406498dc-5ac8-43e1-830d-8a05b1b062dd,since this latest new update I have lost thousands of photos and memories that I had put into albums on to my device...Google pixel pro 8..These pictures are very precious to me as they were photos of my dad who's recently passed away....I'm not a happy bunny Google !!!!!,"{""rating"": 1, ""thumbs_up_count"": 0, ""review_created_version"": ""7.93.0.985379243"", ""reply_content"": null}",2026-09-28T09:24:43.994330
b84ef6b7-540a-4e6d-ae13-8d992a502bc1,playstore,Maddie Rosenau,2026-09-26T23:17:07,7e19a179-6c73-4bb5-83f2-1452318940a6,"My searches are not working. I know there's multiple screenshots with the words ""silver-blue eyes"" in it and nothing is showing up. Also, every time I update Photos will randomly save the same photos I already have plus ones that I don't even know where from.","{""rating"": 2, ""thumbs_up_count"": 0, ""review_created_version"": ""7.91.0.973540846"", ""reply_content"": ""Hi Maddie. We\u2019re sorry your experience has been frustrating. We'd like to learn more about what is happening with your app - please feel free to share feedback with our team directly: https://goo.gle/3gaHLEz.""}",2026-09-28T09:24:43.994330
7ddc8ca8-2c46-4811-adab-c73b512b031c,playstore,Alekh Vaidya,2026-09-26T21:50:18,1692b29c-4de9-4c87-9260-64ac6b9b155e,"search in photos was one of the primary reasons why I paid for Google one . with Gemini search, photos is absolutely terrible. even Microsoft does a better job with OneDrive that this","{""rating"": 2, ""thumbs_up_count"": 0, ""review_created_version"": ""7.93.0.985379243"", ""reply_content"": null}",2026-09-28T09:24:43.994330
517241b5-486a-43fa-ba21-c5192e118ed7,playstore,Peter K,2026-09-26T20:42:23,4723cd87-cea0-4634-893e-d3c7af8bcc63,"Stupid. You don't buy extra storage, soon you can't even take pictures, it's says can't back up but actually you can't take. edit, then it locks your email, while phone still has plenty of memory. It's not private, may as well paste your pictures to your forehead. It has a tendency to organize your pics in the manner it sees fit. I think Gemini got loose. 😬","{""rating"": 3, ""thumbs_up_count"": 0, ""review_created_version"": ""7.93.0.982110057"", ""reply_content"": null}",2026-09-28T09:24:43.994330
5743bd0e-7c2a-439c-b297-1371dad29e34,playstore,Paul Douglas,2026-09-26T18:07:56,98b0d68b-43bb-4ef2-b4d4-6fafb243d8cb,"I know you're trying to sell up your online storage, but have some damn decency. really!! No way to remove backup copies and only keep it on your phone? I found a trick online but it was so annoying and I actually lost one of the photos trying to do it. seriously, once upon a time I believe Google said don't be evil. so much for that mantra.","{""rating"": 1, ""thumbs_up_count"": 0, ""review_created_version"": ""7.93.0.982110057"", ""reply_content"": null}",2026-09-28T09:24:43.994330
30bc6a8c-2ca6-4ebf-bea2-dc11317b4213,playstore,Linda Bowles,2026-09-26T17:15:44,536e4a9a-42d3-49ed-bf82-88f3a4f2385c,please I don't want to loose my pictures I've already lost some of my pictures couple of years ago on count of a girl that worked at Walmart and they were memories,"{""rating"": 5, ""thumbs_up_count"": 0, ""review_created_version"": ""7.93.0.982110057"", ""reply_content"": null}",2026-09-28T09:24:43.994330
a50fa37a-4ad2-419e-bce4-6ead8890258e,playstore,Jooo Root,2026-09-26T16:09:20,96669c34-3a4a-4171-8e31-9231e50088fa,"<3 , 🍉🍉🏔️( money lost) 🛐⚛️☸️✡️🪯☮️☯️☪️ 🐺🐴🫎🦍🦬🦣🦏🐀🐿️🐼🦃🐓🦅🐦🐼🦤🦉 🕊️🦚🦜🐦‍⬛🐸🐢🐋🐠🐚🐝🐙🪰🦟💐🦂🐜🕸️🪷🏵️🌼🌺🌴🍉🍊🍐🍍🥭🍎🍏🍐🍓🥝🥥🍒🌽🥕🥒🍆🧄🧅🥔🥜🫘🫚🥞🫜🫜🍄‍🟫🥐🍔🧀🌭🍕🥖🍲🌯🫔🌮🥪🥚🥙🧆🍿🍳🥗🧂🍠🌍🌎🌏🧭🏔️🧱🪨🌄🌅🌇🚂☀️🌝🪐⭐🌟🌠🌌🌬️🌈🌪️☃️🌊🔥🎄📏🔑🔑🗡️🗡️🗡️🗡️🚬🧿🪬🚹🚺🚻🚸☣️☢️➡️↘️⬇️↙️⬅️↖️↕️↔️↩️↪️⤴️⤵️🔃🔄🔙🔚🔛🔜🔝🛐⚛️🕉️✡️☸️☯️✝️☦️☪️☮️🕎🔯🪯♈♉♊♋♌♍♎♏♐♑♒♓⛎🔀🔁🔂▶️🔼⏮️⏪◀️⏯️⏭️⏩⏫🔽⏬⏸️⏹️⏺️⏏️📴📳🛜📶🔆🔅🎦♀️♂️⚧️✖️➕➖➗🟰♾️‼️❗❔❕〰️💱💲⚕️♻️⚜️📛🔰⭕〽️✅☑️✔️❎❇️❇️❌➰➿〽️✳️✴️🫶🏞️🗺","{""rating"": 4, ""thumbs_up_count"": 0, ""review_created_version"": ""7.93.0.982110057"", ""reply_content"": null}",2026-09-28T09:24:43.994330
d809dc01-d861-4cc9-9106-676e072473ae,playstore,Jason Nelson,2026-09-27T10:21:52,c21a37d5-7ed6-4290-99be-08a8876aca5d,everything about Google photos is terrible. not only is the algorithm to detect faces awful it will randomly alter your history for recognized people and will offer you no recourse to change it. Google used to be awesome and then they were not,"{""rating"": 1, ""thumbs_up_count"": 0, ""review_created_version"": ""7.93.0.982110057"", ""reply_content"": ""Hi Jason. If you find a photo that\u2019s in the wrong group, you can take it out. If you remove an item from a group, it will not delete the photo or video from your Google Photos library. Learn more: goo.gle/48JiDzB. Also, feel free to share feedback with us here: goo.gle/3gaHLEz.""}",2026-09-28T09:31:45.684156
dbcacdbf-2759-4bad-8f75-44756224245c,playstore,BT Craig,2026-09-27T06:42:28,e170c506-439d-44cb-bffa-f313cf97f737,the new AI search is absolutely trash. way worse for putting a word in to find an old meme,"{""rating"": 1, ""thumbs_up_count"": 0, ""review_created_version"": ""7.93.0.982110057"", ""reply_content"": null}",2026-09-28T09:31:45.684156
53062915-e5b5-43be-ad0e-c5be7e676d5c,playstore,lollipop tunes,2026-09-27T05:03:48,83dcf068-b2b8-4986-8a4d-1a4e4a0abd1d,way better than other photo apps as it has many features and ai searches on it and helpful wow I recommend this app way more than others,"{""rating"": 5, ""thumbs_up_count"": 4, ""review_created_version"": ""7.86.0.956040398"", ""reply_content"": null}",2026-09-28T09:31:45.684156
53ce50c5-5c2e-4538-ba1e-570520889448,playstore,Gabriela Ortega,2026-09-27T01:59:24,c13ba9ae-6a65-471d-a76c-f118a9ac8b3e,"I tried to search ""February"" than putting up what I searched, it logs me out, update app, see your wardrobe, then logs me out. saying Google photos keeps stopping ;) WELL I THINK ITS WINKIN LIKE THAT, RIGHT? sorry for yelling ~","{""rating"": 1, ""thumbs_up_count"": 0, ""review_created_version"": ""7.82.0.937646388"", ""reply_content"": ""Hi Gabriela. We\u2019re sorry your experience has been frustrating. To fix crashes, please ensure you're on the latest app version and have enough device storage. You can also try clearing the app's cache in settings and restarting your phone. If a crash report pops up when reopening, please send it to us to help our team investigate. Hope this helps!""}",2026-09-28T09:31:45.684156
2768dc43-f4b4-49fb-a412-c47a3da48c7a,playstore,L M,2026-09-27T00:39:00,ef1a44ba-1868-4bfb-809e-001e6f23d756,since yesterday many photos can't be edited nor shared on social media. sometimes I can't even find them.....terrible. was fine a few days ago but now definitely not working properly,"{""rating"": 1, ""thumbs_up_count"": 1, ""review_created_version"": ""7.93.0.982110057"", ""reply_content"": ""Hi there. Thanks for flagging that the Share and Delete buttons aren't responding after saving an edit. The Google Photos team is working on rolling out a fix ASAP! For now, try these 2 workarounds: 1) Tap \""Save as copy\"" when saving new edits, and 2) Visit photos.google.com to delete or share already-edited photos.""}",2026-09-28T09:31:45.684156
35aa61d2-43ac-4622-a950-060892de7756,playstore,Alison Steadman,2026-09-26T23:36:29,406498dc-5ac8-43e1-830d-8a05b1b062dd,since this latest new update I have lost thousands of photos and memories that I had put into albums on to my device...Google pixel pro 8..These pictures are very precious to me as they were photos of my dad who's recently passed away....I'm not a happy bunny Google !!!!!,"{""rating"": 1, ""thumbs_up_count"": 0, ""review_created_version"": ""7.93.0.985379243"", ""reply_content"": null}",2026-09-28T09:31:45.684156
899bdbb3-e97b-41b4-9345-dfbadbaeefef,playstore,Maddie Rosenau,2026-09-26T23:17:07,7e19a179-6c73-4bb5-83f2-1452318940a6,"My searches are not working. I know there's multiple screenshots with the words ""silver-blue eyes"" in it and nothing is showing up. Also, every time I update Photos will randomly save the same photos I already have plus ones that I don't even know where from.","{""rating"": 2, ""thumbs_up_count"": 0, ""review_created_version"": ""7.91.0.973540846"", ""reply_content"": ""Hi Maddie. We\u2019re sorry your experience has been frustrating. We'd like to learn more about what is happening with your app - please feel free to share feedback with our team directly: https://goo.gle/3gaHLEz.""}",2026-09-28T09:31:45.684156
577565af-49e8-4930-82cd-a0af8c4d5189,playstore,Alekh Vaidya,2026-09-26T21:50:18,1692b29c-4de9-4c87-9260-64ac6b9b155e,"search in photos was one of the primary reasons why I paid for Google one . with Gemini search, photos is absolutely terrible. even Microsoft does a better job with OneDrive that this","{""rating"": 2, ""thumbs_up_count"": 0, ""review_created_version"": ""7.93.0.985379243"", ""reply_content"": null}",2026-09-28T09:31:45.684156
55025ce5-5a3d-4a0f-895e-72b353fa711c,playstore,Peter K,2026-09-26T20:42:23,4723cd87-cea0-4634-893e-d3c7af8bcc63,"Stupid. You don't buy extra storage, soon you can't even take pictures, it's says can't back up but actually you can't take. edit, then it locks your email, while phone still has plenty of memory. It's not private, may as well paste your pictures to your forehead. It has a tendency to organize your pics in the manner it sees fit. I think Gemini got loose. 😬","{""rating"": 3, ""thumbs_up_count"": 0, ""review_created_version"": ""7.93.0.982110057"", ""reply_content"": null}",2026-09-28T09:31:45.684156
708441ab-1b41-4108-ada6-e032c8469179,playstore,Paul Douglas,2026-09-26T18:07:56,98b0d68b-43bb-4ef2-b4d4-6fafb243d8cb,"I know you're trying to sell up your online storage, but have some damn decency. really!! No way to remove backup copies and only keep it on your phone? I found a trick online but it was so annoying and I actually lost one of the photos trying to do it. seriously, once upon a time I believe Google said don't be evil. so much for that mantra.","{""rating"": 1, ""thumbs_up_count"": 0, ""review_created_version"": ""7.93.0.982110057"", ""reply_content"": null}",2026-09-28T09:31:45.684156
25cb0639-3fd1-48a9-a075-32b33adb3572,playstore,Linda Bowles,2026-09-26T17:15:44,536e4a9a-42d3-49ed-bf82-88f3a4f2385c,please I don't want to loose my pictures I've already lost some of my pictures couple of years ago on count of a girl that worked at Walmart and they were memories,"{""rating"": 5, ""thumbs_up_count"": 0, ""review_created_version"": ""7.93.0.982110057"", ""reply_content"": null}",2026-09-28T09:31:45.684156
2bef68c2-8adc-40f1-a74b-b7ffa50ed6b4,playstore,Jooo Root,2026-09-26T16:09:20,96669c34-3a4a-4171-8e31-9231e50088fa,"<3 , 🍉🍉🏔️( money lost) 🛐⚛️☸️✡️🪯☮️☯️☪️ 🐺🐴🫎🦍🦬🦣🦏🐀🐿️🐼🦃🐓🦅🐦🐼🦤🦉 🕊️🦚🦜🐦‍⬛🐸🐢🐋🐠🐚🐝🐙🪰🦟💐🦂🐜🕸️🪷🏵️🌼🌺🌴🍉🍊🍐🍍🥭🍎🍏🍐🍓🥝🥥🍒🌽🥕🥒🍆🧄🧅🥔🥜🫘🫚🥞🫜🫜🍄‍🟫🥐🍔🧀🌭🍕🥖🍲🌯🫔🌮🥪🥚🥙🧆🍿🍳🥗🧂🍠🌍🌎🌏🧭🏔️🧱🪨🌄🌅🌇🚂☀️🌝🪐⭐🌟🌠🌌🌬️🌈🌪️☃️🌊🔥🎄📏🔑🔑🗡️🗡️🗡️🗡️🚬🧿🪬🚹🚺🚻🚸☣️☢️➡️↘️⬇️↙️⬅️↖️↕️↔️↩️↪️⤴️⤵️🔃🔄🔙🔚🔛🔜🔝🛐⚛️🕉️✡️☸️☯️✝️☦️☪️☮️🕎🔯🪯♈♉♊♋♌♍♎♏♐♑♒♓⛎🔀🔁🔂▶️🔼⏮️⏪◀️⏯️⏭️⏩⏫🔽⏬⏸️⏹️⏺️⏏️📴📳🛜📶🔆🔅🎦♀️♂️⚧️✖️➕➖➗🟰♾️‼️❗❔❕〰️💱💲⚕️♻️⚜️📛🔰⭕〽️✅☑️✔️❎❇️❇️❌➰➿〽️✳️✴️🫶🏞️🗺","{""rating"": 4, ""thumbs_up_count"": 0, ""review_created_version"": ""7.93.0.982110057"", ""reply_content"": null}",2026-09-28T09:31:45.684156
